,Accident_Index_x,Location_Easting_OSGR,Location_Northing_OSGR,Longitude,Latitude,Police_Force,Accident_Severity,Number_of_Vehicles,Number_of_Casualties,Date,Day_of_Week,Time,Local_Authority_(District),Local_Authority_(Highway),1st_Road_Class,1st_Road_Number,Road_Type,Speed_limit,Junction_Detail,Junction_Control,2nd_Road_Class,2nd_Road_Number,Pedestrian_Crossing-Human_Control,Pedestrian_Crossing-Physical_Facilities,Light_Conditions,Weather_Conditions,Road_Surface_Conditions,Special_Conditions_at_Site,Carriageway_Hazards,Urban_or_Rural_Area,Did_Police_Officer_Attend_Scene_of_Accident,LSOA_of_Accident_Location,Accident_Index_y,Vehicle_Reference,Casualty_Reference,Casualty_Class,Sex_of_Casualty,Age_of_Casualty,Age_Band_of_Casualty,Casualty_Severity,Pedestrian_Location,Pedestrian_Movement,Car_Passenger,Bus_or_Coach_Passenger,Pedestrian_Road_Maintenance_Worker,Casualty_Type,Casualty_Home_Area_Type,city
1655801,201501QK50970,519740.0,188840.0,-0.2731,51.585703,1,3,1,1,2015-12-17,5,11:28,28,E09000005,6,0,6,30,3,4,3,4006,0,0,1,1,1,0,0,1,1,E01000515,201201PL60471,2,2,2,2,49,8,3,0,0,2,0,0,8,1,London
1655802,201501QK50971,522350.0,183960.0,-0.237143,51.541286,1,3,1,1,2015-12-16,4,18:35,28,E09000005,6,0,6,30,0,-1,-1,0,0,0,4,1,1,0,0,1,1,E01000643,201201PL60472,1,1,2,1,54,8,3,0,0,0,3,0,11,1,London
1655805,201501QK50974,521420.0,185890.0,-0.249881,51.558832,1,3,2,1,2015-12-15,3,20:15,28,E09000005,3,4088,1,30,1,4,3,4088,0,0,4,2,2,0,0,1,1,E01000510,201201PL60475,1,1,2,2,-1,-1,3,0,0,0,3,0,11,-1,London
1655844,201501QK59064,523750.0,184090.0,-0.216921,51.54215,1,3,1,2,2015-12-17,5,03:34,28,E09000005,6,0,6,30,0,-1,-1,0,0,0,4,1,1,0,0,1,1,E01000491,201201PL60508,1,1,1,2,32,6,3,0,0,0,0,0,9,-1,London
1655847,201501QK59102,516190.0,185720.0,-0.325346,51.558405,1,3,1,1,2015-12-18,6,17:50,28,E09000005,3,4005,6,30,3,4,6,0,0,0,4,1,1,0,2,1,1,E01000609,201201PL60511,2,1,1,1,19,4,3,0,0,0,0,0,1,1,London
1656429,201501RG40737,539330.0,178160.0,0.005261,51.485236,1,3,2,1,2015-12-15,3,18:48,6,E09000011,3,206,6,30,3,4,6,0,0,0,1,1,1,0,0,1,1,E01001664,201201PY20216,1,1,3,2,52,8,3,5,3,0,0,2,0,1,London
1656430,201501RG40739,538250.0,176710.0,-0.01085,51.472471,1,3,1,1,2015-12-18,6,00:18,6,E09000011,3,2,6,30,3,4,6,0,0,0,4,1,1,0,0,1,1,E01003204,201201PY20217,1,1,1,2,22,5,3,0,0,0,0,0,9,1,London
1656433,201501RG40742,543520.0,172660.0,0.063334,51.434768,1,2,3,1,2015-12-18,6,08:15,6,E09000011,3,20,6,30,7,2,4,263,0,5,1,1,1,0,0,1,1,E01001599,201201PY20222,1,1,3,1,14,3,3,5,1,0,0,2,0,1,London
1656434,201501RG40743,541360.0,177970.0,0.034402,51.483025,1,2,1,1,2015-12-18,6,17:20,6,E09000011,5,0,6,30,0,-1,-1,0,0,0,1,1,1,0,0,1,1,E01001591,201201PY20223,1,1,2,2,71,10,3,0,0,0,3,0,11,-1,London
1656435,201501RG40744,538090.0,177700.0,-0.012766,51.481406,1,3,1,1,2015-12-18,6,13:10,6,E09000011,3,200,6,30,0,-1,-1,0,0,4,1,1,1,0,0,1,1,E01001640,201201PY20224,2,1,1,1,26,6,3,0,0,0,0,0,3,1,London
1656912,201501RY10485,546220.0,174490.0,0.102905,51.450521,1,3,2,3,2015-12-15,3,11:53,18,E09000004,3,210,6,30,6,2,5,0,0,5,1,1,1,0,0,1,1,E01000347,201201PY20667,1,1,1,2,22,5,3,0,0,0,0,0,9,1,London
1656914,201501RY10487,549240.0,179120.0,0.148288,51.491335,1,3,1,1,2015-12-18,6,13:34,18,E09000004,4,213,6,30,3,4,6,0,0,0,1,1,1,0,0,1,1,E01000336,201201PY20670,2,1,1,1,51,8,3,0,0,0,0,0,9,1,London
1656919,201501RY10493,545180.0,176120.0,0.088617,51.465435,1,3,2,1,2015-12-18,6,15:10,18,E09000004,3,207,6,30,3,4,6,0,0,0,1,1,1,0,0,1,1,E01000395,201201PY20676,1,1,3,2,14,3,3,6,9,0,0,2,0,1,London
1656922,201501RY10496,545970.0,173690.0,0.09898,51.443397,1,3,1,1,2015-12-17,5,19:10,18,E09000004,5,0,6,30,0,-1,-1,0,0,0,4,1,1,0,0,1,1,E01000345,201201PY20678,2,2,1,1,-1,-1,3,0,0,0,0,0,9,1,London
1656925,201501RY10499,543290.0,172820.0,0.060093,51.436263,1,3,2,1,2015-12-18,6,14:05,6,E09000011,3,20,2,30,0,-1,-1,0,0,0,1,1,1,0,0,1,1,E01001599,201201PY20680,2,1,1,1,38,7,3,0,0,0,0,0,4,1,London
1657841,201501SX21147,520970.0,189700.0,-0.255059,51.59317,1,2,2,1,2015-12-17,5,00:15,30,E09000003,5,0,6,30,6,4,6,0,0,0,4,1,1,0,0,1,1,E01000148,201201QK50366,2,2,1,2,24,5,3,0,0,0,0,0,9,1,London
1657842,201501SX21148,525890.0,193990.0,-0.182531,51.630646,1,3,1,1,2015-12-16,4,23:21,30,E09000003,3,5109,6,30,6,4,3,5109,0,1,4,9,2,0,0,1,1,E01000280,201201QK50368,1,1,1,2,31,6,3,0,0,0,0,0,9,1,London
1657845,201501SX21151,523360.0,188740.0,-0.220911,51.584025,1,3,1,1,2015-12-15,3,18:45,30,E09000003,4,551,6,30,6,4,6,0,0,0,1,1,1,0,0,1,1,E01000237,201201QK50370,1,1,1,1,26,6,3,0,0,0,0,0,9,1,London
1657851,201501SX21157,520890.0,195320.0,-0.254276,51.643695,1,3,3,2,2015-12-18,6,18:32,30,E09000003,3,1,3,50,0,-1,-1,0,0,0,4,2,2,0,0,2,1,E01000253,201201QK50375,1,1,1,2,32,6,3,0,0,0,0,0,9,1,London
1657854,201501SX21160,524060.0,188370.0,-0.210944,51.580546,1,3,1,1,2015-12-15,3,18:00,30,E09000003,3,502,6,30,3,4,6,0,0,8,4,2,2,0,0,1,1,E01000215,201201QK50378,1,1,1,1,38,7,3,0,0,0,0,0,5,1,London
1657858,201501SX21164,528380.0,190670.0,-0.147791,51.600249,1,3,2,1,2015-12-15,3,09:45,30,E09000003,4,550,6,30,3,4,6,0,0,0,1,1,1,0,0,1,1,E01000156,201201QK50383,1,1,1,1,57,9,3,0,0,0,0,0,9,1,London
1657864,201501SX21170,519280.0,192950.0,-0.278339,51.622738,1,3,2,1,2015-12-15,3,08:16,30,E09000003,6,0,6,30,0,-1,-1,0,0,0,1,1,1,0,0,1,2,E01000188,201201QK50388,1,1,3,2,-1,-1,3,1,1,0,0,2,0,1,London
1657870,201501SX21176,525310.0,188410.0,-0.192899,51.580629,1,3,2,1,2015-12-18,6,18:05,30,E09000003,6,0,6,30,0,-1,-1,0,0,0,4,1,1,0,0,1,1,E01000209,201201QK50395,3,1,1,1,25,5,3,0,0,0,0,0,2,1,London
1657871,201501SX21177,522310.0,190770.0,-0.235351,51.602497,1,3,1,1,2015-12-15,3,08:45,30,E09000003,5,0,6,30,0,-1,-1,0,0,0,1,1,1,0,0,1,1,E01000260,201201QK50396,1,1,3,1,-1,-1,3,5,1,0,0,2,0,1,London
1657873,201501SX21179,525120.0,192550.0,-0.194164,51.617877,1,3,1,1,2015-12-16,4,15:14,30,E09000003,6,0,6,30,0,-1,-1,0,0,0,1,1,1,0,0,1,1,E01000276,201201QK50398,1,1,3,1,17,4,3,1,1,0,0,2,0,1,London
1657874,201501SX21180,525970.0,195180.0,-0.180948,51.641323,1,2,1,1,2015-12-15,3,18:05,30,E09000003,4,193,6,30,3,4,3,1000,0,0,1,1,1,0,0,1,1,E01000269,201201QK50399,1,1,3,2,2,1,3,5,1,0,0,2,0,1,London
1657878,201501SX21184,520250.0,191990.0,-0.264663,51.613905,1,2,2,1,2015-12-15,3,05:18,30,E09000003,3,5109,6,30,6,4,6,0,0,0,4,1,1,0,0,1,1,E01000227,201201QK50402,2,1,1,2,30,6,3,0,0,0,0,0,9,1,London
1657881,201501SX21187,521440.0,191620.0,-0.247613,51.610324,1,3,2,2,2015-12-15,3,15:06,30,E09000003,5,0,6,30,3,4,5,0,0,0,1,1,1,0,0,1,1,E01000235,201201QK50405,1,1,1,2,40,7,3,0,0,0,0,0,9,1,London
1657884,201501SX21191,525440.0,190990.0,-0.190102,51.603786,1,3,2,1,2015-12-16,4,22:15,30,E09000003,3,598,6,30,0,-1,-1,0,0,0,4,1,1,0,0,1,2,E01000295,201201QK50408,1,1,2,2,-1,-1,3,0,0,1,0,0,9,1,London
1657891,201501SX21198,525050.0,187890.0,-0.196834,51.576014,1,3,1,1,2015-12-17,5,07:50,30,E09000003,5,0,6,30,6,2,3,598,0,5,1,1,1,0,0,1,1,E01000144,201201QK50415,1,1,3,2,8,2,3,5,1,0,0,2,0,1,London
1657894,201501SX21202,526460.0,193620.0,-0.174434,51.627194,1,3,1,1,2015-12-15,3,16:45,30,E09000003,4,550,6,30,0,-1,-1,0,0,1,4,1,1,0,0,1,1,E01000281,201201QK50418,1,1,1,1,-1,-1,2,0,0,0,0,0,1,1,London
1657897,201501SX21205,526720.0,192520.0,-0.171077,51.61725,1,3,1,1,2015-12-18,6,16:46,30,E09000003,5,0,6,30,3,4,5,0,0,0,4,1,1,0,0,1,1,E01000322,201201QK50423,1,1,3,1,14,3,3,5,1,0,0,2,0,1,London
1657901,201501SX21209,524700.0,195700.0,-0.199107,51.646279,1,3,3,3,2015-12-17,5,22:04,30,E09000003,5,0,6,20,0,-1,-1,0,0,0,5,1,2,0,0,1,1,E01000289,201201QK50428,1,1,1,1,55,8,3,0,0,0,0,0,8,1,London
1657915,201501SX21223,523160.0,187480.0,-0.224238,51.572745,1,3,2,1,2015-12-16,4,13:56,30,E09000003,6,0,1,30,1,4,6,0,0,0,1,1,1,0,0,1,2,E01000221,201201QK50440,1,1,1,2,40,7,3,0,0,0,0,0,9,1,London
1657917,201501SX21225,520940.0,190450.0,-0.255233,51.599917,1,3,2,1,2015-12-16,4,20:51,30,E09000003,6,0,6,30,0,-1,-1,0,0,0,7,9,1,0,0,1,1,E01000131,201201QK50442,1,1,2,2,55,8,3,0,0,1,0,0,9,1,London
1657936,201501SX21261,525380.0,195840.0,-0.189234,51.647386,1,3,2,1,2015-12-15,3,09:25,30,E09000003,3,1000,6,30,3,4,6,0,0,0,1,1,1,0,0,1,1,E01000268,201201QK50459,2,2,2,1,33,6,3,0,0,1,0,0,9,1,London
1657945,201501SX29038,527120.0,191880.0,-0.165535,51.611408,1,3,3,1,2015-12-18,6,00:10,30,E09000003,3,1003,6,30,3,4,6,0,0,0,4,1,1,0,0,1,1,E01000315,201201QK50469,1,1,3,1,22,5,3,5,1,0,0,2,0,1,London
1658097,201501TD00158,524250.0,181360.0,-0.210677,51.517505,1,1,3,1,2015-12-17,5,15:15,12,E09000020,3,40,3,40,0,-1,-1,0,0,0,1,2,2,0,0,1,1,E01002878,201201QK50617,1,1,1,2,-1,-1,3,0,0,0,0,0,9,1,London
1658098,201501TD00159,534970.0,199710.0,-0.049216,51.679943,1,1,1,1,2015-12-18,6,14:22,32,E09000010,3,105,6,30,0,-1,-1,0,0,8,1,1,1,0,0,1,1,E01001551,201201QK50618,2,1,1,1,-1,-1,3,0,0,0,0,0,3,-1,London
1658104,201501TD00166,528120.0,175200.0,-0.157166,51.461283,1,1,2,1,2015-12-18,6,13:00,10,E09000032,3,3,6,30,3,4,6,0,0,5,1,1,1,0,0,1,1,E01004554,201201QK50624,1,1,1,1,35,6,3,0,0,0,0,0,5,1,London
1658461,201501TW60419,521770.0,176390.0,-0.248114,51.473378,1,3,2,1,2015-12-15,3,12:50,24,E09000027,3,3003,6,30,3,4,3,3003,0,1,1,2,2,0,0,1,1,E01003854,201201RG40173,1,1,1,2,54,8,2,0,0,0,0,0,9,1,London
1658462,201501TW60420,515870.0,170470.0,-0.334961,51.421409,1,3,2,1,2015-12-16,4,15:11,24,E09000027,4,358,1,30,1,1,3,309,0,0,1,1,1,0,0,1,1,E01003889,201201RG40174,2,1,1,2,35,6,3,0,0,0,0,0,9,1,London
1658463,201501TW60421,518030.0,175140.0,-0.302355,51.462936,1,3,2,1,2015-12-18,6,19:35,24,E09000027,3,307,6,30,0,-1,-1,0,0,0,4,2,2,0,0,1,1,E01003873,201201RG40175,1,1,3,2,3,1,3,5,1,0,0,2,0,-1,London
1658466,201501TW60424,514160.0,173620.0,-0.358528,51.450067,1,3,2,1,2015-12-17,5,19:53,24,E09000027,6,0,6,30,0,-1,-1,0,0,0,4,2,2,0,0,1,1,E01003909,201201RG40178,2,1,1,1,28,6,3,0,0,0,0,0,9,1,London
1658469,201501TW60427,513690.0,172970.0,-0.365498,51.444319,1,3,3,1,2015-12-18,6,11:38,24,E09000027,4,358,3,30,6,2,5,0,0,5,1,1,1,0,0,1,1,E01003845,201201RG40180,1,1,2,2,65,9,3,0,0,0,4,0,11,-1,London
1658471,201501TW60429,519930.0,175330.0,-0.274953,51.464244,1,3,3,1,2015-12-16,4,13:51,24,E09000027,3,205,6,30,3,4,6,0,0,0,1,1,1,0,0,1,1,E01003804,201201RG40182,2,1,1,2,21,5,3,0,0,0,0,0,1,-1,London
1658473,201501TW60431,513700.0,172950.0,-0.36536,51.444138,1,3,2,1,2015-12-18,6,18:25,24,E09000027,5,0,6,30,6,2,4,358,0,5,4,1,1,0,0,1,2,E01003845,201201RG40183,2,2,1,1,35,6,3,0,0,0,0,0,9,1,London
1658474,201501TW60432,515620.0,170980.0,-0.338388,51.426043,1,3,2,1,2015-12-17,5,17:17,24,E09000027,3,313,6,30,0,-1,-1,0,0,0,4,2,2,0,0,1,1,E01003888,201201RG40184,1,1,2,2,71,10,2,0,0,0,3,0,11,1,London
1658475,201501TW60433,515600.0,174100.0,-0.337658,51.454089,1,3,2,1,2015-12-16,4,11:30,24,E09000027,4,361,1,30,1,4,3,316,0,0,1,1,1,0,0,1,1,E01003867,201201RG40185,1,1,3,2,73,10,3,5,3,0,0,2,0,1,London
1658477,201501TW60437,519250.0,170580.0,-0.286336,51.421697,1,3,1,1,2015-12-18,6,09:50,24,E09000027,6,0,6,20,2,4,6,0,0,0,1,1,1,0,0,2,1,E01003817,201201RG40188,1,1,3,2,26,6,3,5,1,0,0,2,0,1,London
1658479,201501TW60439,522240.0,175690.0,-0.241592,51.466986,1,3,2,2,2015-12-16,4,23:20,24,E09000027,3,306,6,30,0,-1,-1,0,0,0,4,1,1,0,0,2,1,E01003852,201201RG40190,2,1,1,1,43,7,3,0,0,0,0,0,3,1,London
1659260,201501TX20935,510050.0,178260.0,-0.416207,51.492585,1,3,3,1,2015-12-15,3,19:40,26,E09000017,1,4,3,70,0,-1,-1,0,0,0,4,2,2,0,0,1,1,E01002443,201201RY10265,1,1,1,1,29,6,3,0,0,0,0,0,5,1,London
1659274,201501TX20953,511010.0,174410.0,-0.403593,51.457793,1,3,1,1,2015-12-18,6,07:40,25,E09000018,3,244,6,30,3,4,6,0,0,0,1,1,1,0,0,1,1,E01002592,201201RY10276,1,1,1,1,26,6,3,0,0,0,0,0,9,-1,London
1659275,201501TX20954,510810.0,177650.0,-0.405455,51.486954,1,3,1,1,2015-12-16,4,18:56,25,E09000018,6,0,6,30,0,-1,-1,0,0,1,4,1,1,0,0,1,1,E01002633,201201RY10277,1,1,2,2,33,6,3,0,0,1,0,0,9,1,London
1659280,201501TX20959,521300.0,177330.0,-0.254555,51.481927,1,3,1,1,2015-12-18,6,20:06,25,E09000018,6,0,6,30,0,-1,-1,0,0,0,4,1,2,0,0,1,1,E01002572,201201RY10284,1,1,1,1,57,9,3,0,0,0,0,0,9,1,London
1659290,201501TX20972,517160.0,177220.0,-0.314184,51.48181,1,3,1,1,2015-12-15,3,17:15,25,E09000018,3,315,6,30,3,4,6,0,0,0,4,2,2,0,0,1,1,E01002686,201201RY10298,1,1,1,2,23,5,3,0,0,0,0,0,9,1,London
1659297,201501TX20980,521340.0,177250.0,-0.254007,51.4812,1,3,2,2,2015-12-15,3,20:15,25,E09000018,6,0,6,30,0,-1,-1,0,0,0,4,1,1,0,0,1,1,E01002572,201201RY10304,1,1,2,2,3,1,3,0,0,0,4,0,11,1,London
1659305,201501TX20989,516480.0,177170.0,-0.323988,51.481501,1,3,2,1,2015-12-15,3,20:25,25,E09000018,4,454,6,30,2,4,5,0,0,1,4,1,2,0,0,1,1,E01002682,201201RY10312,1,1,1,1,18,4,3,0,0,0,0,0,9,1,London
1659311,201501TX20996,518230.0,177720.0,-0.298615,51.486082,1,3,1,1,2015-12-15,3,11:45,25,E09000018,3,315,6,30,0,-1,-1,0,0,0,1,2,2,0,0,1,1,E01002568,201201RY10317,1,1,1,2,50,8,2,0,0,0,0,0,9,1,London
1659642,201501VK30411,518280.0,169170.0,-0.30075,51.409227,1,2,1,1,2015-12-15,3,19:54,23,E09000021,3,307,6,50,3,4,5,0,0,0,4,1,2,0,0,1,1,E01002968,201201SX20170,1,3,2,2,28,6,3,0,0,1,0,0,9,1,London
1659643,201501VK30412,521550.0,167690.0,-0.254263,51.395235,1,3,3,1,2015-12-16,4,09:57,23,E09000021,3,2043,6,30,3,4,6,0,0,0,1,1,1,0,0,1,1,E01002984,201201SX20170,2,2,1,2,44,7,3,0,0,0,0,0,9,1,London
1659648,201501VK30420,522160.0,166130.0,-0.246036,51.381084,1,3,2,1,2015-12-15,3,07:05,23,E09000021,3,2043,6,30,6,4,6,0,0,0,4,1,2,0,0,1,1,E01002978,201201SX20172,2,1,1,1,-1,-1,3,0,0,0,0,0,9,-1,London
1659651,201501VK30425,521870.0,166400.0,-0.250108,51.383573,1,3,2,1,2015-12-16,4,09:44,23,E09000021,3,2043,6,30,3,4,6,0,0,0,1,1,1,0,0,1,2,E01002978,201201SX20174,3,2,1,2,31,6,3,0,0,0,0,0,9,1,London
1659653,201501VK30427,517380.0,167460.0,-0.314249,51.394045,1,3,2,1,2015-12-15,3,19:22,23,E09000021,3,307,6,30,3,2,3,243,0,5,4,5,2,0,0,2,1,E01002988,201201SX20178,1,1,1,2,20,4,3,0,0,0,0,0,9,1,London
1659659,201501VK30441,518120.0,165290.0,-0.304339,51.374389,1,3,2,1,2015-12-16,4,08:30,23,E09000021,3,243,3,50,3,4,6,0,0,4,1,1,1,0,0,1,2,E01003004,201201SX20186,1,1,1,1,41,7,3,0,0,0,0,0,4,-1,London
1660141,201501VW40576,523260.0,168720.0,-0.229339,51.404124,1,3,1,1,2015-12-15,3,13:39,22,E09000024,4,279,6,30,3,4,6,0,0,0,1,1,1,0,0,1,1,E01003471,201201SX20645,1,2,2,1,26,6,3,0,0,2,0,0,8,1,London
1660144,201501VW40579,526760.0,169730.0,-0.178688,51.41243,1,3,2,2,2015-12-15,3,17:10,22,E09000024,5,0,6,30,6,2,6,0,0,5,4,2,2,0,0,1,1,E01003408,201201SX20647,1,2,2,2,-1,-1,3,0,0,1,0,0,9,-1,London
1660145,201501VW40580,525800.0,169580.0,-0.192538,51.411295,1,3,2,1,2015-12-15,3,10:48,22,E09000024,3,24,6,30,3,2,6,0,0,5,1,1,1,0,0,1,1,E01003356,201201SX20648,1,1,1,1,44,7,3,0,0,0,0,0,9,1,London
1660146,201501VW40582,526790.0,170400.0,-0.178017,51.418445,1,3,2,1,2015-12-15,3,17:45,22,E09000024,3,24,6,30,8,4,6,0,0,0,4,2,2,0,0,1,2,E01003370,201201SX20651,2,1,1,1,30,6,3,0,0,0,0,0,3,1,London
1660149,201501VW40589,527730.0,168940.0,-0.165032,51.405113,1,2,1,1,2015-12-16,4,11:11,22,E09000024,5,0,2,30,0,-1,-1,0,0,0,1,1,1,0,0,1,1,E01003379,201201SX20654,1,1,1,2,37,7,3,0,0,0,0,0,9,1,London
1660154,201501VW40599,526130.0,167190.0,-0.188644,51.389743,1,3,2,2,2015-12-18,6,18:30,22,E09000024,3,297,3,30,6,2,5,0,0,5,4,1,1,0,0,1,1,E01003438,201201SX20658,2,1,1,1,25,5,3,0,0,0,0,0,1,-1,London
1660156,201501VW40601,526090.0,171510.0,-0.187684,51.428576,1,3,2,1,2015-12-18,6,22:49,22,E09000024,4,235,6,30,0,-1,-1,0,0,4,4,1,1,0,0,1,1,E01003475,201201SX20660,2,1,1,1,19,4,3,0,0,0,0,0,9,-1,London
1660163,201501VW40608,527920.0,170170.0,-0.161859,51.416124,1,3,1,1,2015-12-17,5,18:30,22,E09000024,3,217,6,30,3,4,6,0,0,0,4,1,2,0,0,1,1,E01003392,201201SX20668,2,1,1,2,40,7,3,0,0,0,0,0,1,1,London
1660169,201501VW49024,530060.0,168190.0,-0.131827,51.397844,1,3,2,1,2015-12-18,6,08:25,22,E09000024,6,0,6,30,3,4,6,0,0,0,1,1,1,0,0,1,2,E01003432,201201SX20672,1,2,2,1,19,4,3,0,0,1,0,0,9,-1,London
1661111,201501WW51052,528000.0,172350.0,-0.159922,51.435697,1,2,1,1,2015-12-15,3,17:30,10,E09000032,3,214,6,30,6,2,3,24,0,5,4,2,2,0,0,1,2,E01004548,201201TA00488,1,1,3,1,45,7,2,9,9,0,0,2,0,1,London
1661123,201501WW51065,525360.0,174670.0,-0.197061,51.457137,1,3,2,2,2015-12-16,4,19:20,10,E09000032,3,3,6,30,3,4,6,0,0,0,4,1,1,0,0,1,1,E01004600,201201TA00501,2,1,1,1,41,7,3,0,0,0,0,0,9,-1,London
1661124,201501WW51066,523160.0,175860.0,-0.228295,51.468314,1,3,2,1,2015-12-15,3,19:45,10,E09000032,4,306,6,30,3,4,6,0,0,0,4,2,2,0,0,1,2,E01004604,201201TA00501,2,2,2,1,20,4,3,0,0,2,0,0,9,-1,London
1661125,201501WW51067,524100.0,173650.0,-0.215544,51.448248,1,3,2,1,2015-12-15,3,18:00,10,E09000032,6,0,6,30,3,4,6,0,0,0,4,2,2,0,0,1,2,E01004630,201201TA00502,2,1,1,1,37,7,3,0,0,0,0,0,1,-1,London
1661128,201501WW51070,528790.0,174160.0,-0.147905,51.451785,1,3,2,1,2015-12-17,5,19:04,10,E09000032,3,24,6,30,3,4,6,0,0,0,4,2,2,0,0,1,1,E01004476,201201TA00508,2,1,1,1,24,5,2,0,0,0,0,0,1,1,London
1661130,201501WW51072,527460.0,171480.0,-0.167999,51.428,1,3,2,1,2015-12-17,5,07:55,10,E09000032,3,24,6,30,6,2,3,217,0,5,1,1,1,0,0,1,1,E01004525,201201TA00510,1,1,3,2,44,7,2,1,2,0,0,2,0,-1,London
1661135,201501WW51077,526100.0,174140.0,-0.186604,51.45221,1,3,2,1,2015-12-15,3,08:05,10,E09000032,5,0,6,30,6,4,6,0,0,0,1,1,1,0,0,1,1,E01004620,201201TA00515,1,1,3,2,65,9,2,5,1,0,0,2,0,-1,London
1661136,201501WW51078,527990.0,170930.0,-0.160578,51.422938,1,3,1,1,2015-12-16,4,16:43,10,E09000032,3,217,6,30,3,2,4,241,0,5,4,1,1,0,0,1,1,E01004529,201201TA00516,2,1,1,1,50,8,2,0,0,0,0,0,1,1,London
1661139,201501WW51082,525690.0,174350.0,-0.192427,51.454188,1,3,1,1,2015-12-17,5,22:20,10,E09000032,3,217,6,30,3,4,6,0,0,1,4,1,1,0,0,1,1,E01004513,201201TA00519,1,1,3,1,35,6,2,5,1,0,0,2,0,-1,London
1661141,201501WW51084,523880.0,174710.0,-0.218338,51.457822,1,3,2,1,2015-12-18,6,22:34,10,E09000032,3,219,6,30,3,4,6,0,0,0,4,1,1,0,0,1,1,E01004500,201201TA00522,1,1,1,1,56,9,2,0,0,0,0,0,1,1,London
1661152,201501WW59004,525300.0,173400.0,-0.198373,51.445737,1,3,1,1,2015-12-15,3,15:10,10,E09000032,3,218,6,30,3,4,6,0,0,0,1,1,1,0,0,1,1,E01004595,201201TA00529,1,1,1,1,63,9,3,0,0,0,0,0,20,1,London
1661153,201501WW59005,526120.0,173030.0,-0.186712,51.44223,1,3,1,1,2015-12-17,5,18:45,10,E09000032,6,0,6,30,0,-1,-1,0,0,0,4,1,1,0,0,1,1,E01004496,201201TA00530,2,1,1,1,37,7,2,0,0,0,0,0,1,1,London
1661154,201501WW59007,528150.0,172300.0,-0.157783,51.435214,1,3,2,1,2015-12-18,6,17:14,10,E09000032,3,214,6,30,8,4,6,0,0,0,4,1,1,0,0,1,1,E01004481,201201TA00531,2,1,1,1,22,5,3,0,0,0,0,0,9,1,London
1661158,201501WW59018,522750.0,175390.0,-0.234358,51.464179,1,3,1,2,2015-12-15,3,17:46,24,E09000027,3,205,6,30,3,4,6,0,0,0,4,2,2,0,0,1,1,E01004639,201201TA00535,1,1,3,1,44,7,2,5,3,0,0,2,0,-1,London
1661160,201501WW59023,525010.0,174610.0,-0.202117,51.456675,1,3,2,1,2015-12-17,5,16:15,10,E09000032,3,3,6,30,3,4,6,0,0,0,1,1,1,0,0,1,2,E01004499,201201TA00537,1,1,3,2,24,5,2,5,1,0,0,2,0,1,London
1661163,201501WW59128,527770.0,171930.0,-0.16338,51.431975,1,3,1,1,2015-12-15,3,17:08,10,E09000032,6,0,6,30,0,-1,-1,0,0,0,6,5,2,0,0,1,1,E01004613,201201TA00539,1,2,2,1,25,5,3,0,0,0,0,0,5,-1,London
1662111,201501XD81111,513040.0,184250.0,-0.371237,51.545832,1,3,2,2,2015-12-16,4,16:30,27,E09000009,3,312,6,30,0,-1,-1,0,0,0,4,1,1,0,0,1,1,E01001323,201201TB00415,2,1,1,1,-1,-1,2,0,0,0,0,0,1,-1,London
1662112,201501XD81112,515950.0,182970.0,-0.329712,51.533738,1,3,2,1,2015-12-17,5,08:30,27,E09000009,3,40,3,50,6,2,4,452,0,5,1,1,1,0,0,1,1,E01001349,201201TB00416,1,1,3,1,22,5,2,5,3,0,0,2,0,1,London
1662117,201501XD81118,519560.0,179540.0,-0.278853,51.502159,1,3,1,1,2015-12-15,3,15:03,27,E09000009,5,0,6,30,3,4,6,0,0,0,1,2,2,0,0,1,1,E01001358,201201TB00421,1,1,3,1,47,8,2,5,1,0,0,2,0,1,London
1662119,201501XD81120,521550.0,180780.0,-0.24977,51.51288,1,3,2,1,2015-12-16,4,16:40,27,E09000009,5,0,6,30,0,-1,-1,0,0,1,1,1,1,0,0,1,1,E01001243,201201TB00423,1,1,3,1,45,7,2,4,3,0,0,2,0,-1,London
1662120,201501XD81121,512610.0,183960.0,-0.377528,51.543312,1,3,2,1,2015-12-17,5,10:00,27,E09000009,3,312,1,30,1,2,3,40,0,5,1,1,1,0,0,1,1,E01001321,201201TB00424,2,1,1,1,-1,-1,3,0,0,0,0,0,9,-1,London