,Accident_Index_x,Location_Easting_OSGR,Location_Northing_OSGR,Longitude,Latitude,Police_Force,Accident_Severity,Number_of_Vehicles,Number_of_Casualties,Date,Day_of_Week,Time,Local_Authority_(District),Local_Authority_(Highway),1st_Road_Class,1st_Road_Number,Road_Type,Speed_limit,Junction_Detail,Junction_Control,2nd_Road_Class,2nd_Road_Number,Pedestrian_Crossing-Human_Control,Pedestrian_Crossing-Physical_Facilities,Light_Conditions,Weather_Conditions,Road_Surface_Conditions,Special_Conditions_at_Site,Carriageway_Hazards,Urban_or_Rural_Area,Did_Police_Officer_Attend_Scene_of_Accident,LSOA_of_Accident_Location,Accident_Index_y,Vehicle_Reference,Casualty_Reference,Casualty_Class,Sex_of_Casualty,Age_of_Casualty,Age_Band_of_Casualty,Casualty_Severity,Pedestrian_Location,Pedestrian_Movement,Car_Passenger,Bus_or_Coach_Passenger,Pedestrian_Road_Maintenance_Worker,Casualty_Type,Casualty_Home_Area_Type,city
1693506,201514K325315,436208.0,385331.0,-1.457366,53.363617,14,2,1,1,2015-12-18,6,12:12,215,E08000019,6,0,6,30,3,4,6,0,0,0,1,1,1,5,0,1,1,E01008096,2012100003212,2,1,1,1,35,6,3,0,0,0,0,0,19,1,Sheffield
1693509,201514K327715,433541.0,385890.0,-1.497382,53.368817,14,2,1,1,2015-12-18,6,08:10,215,E08000019,3,625,6,30,3,4,6,0,0,4,1,1,1,0,0,1,2,E01007864,2012100003412,1,1,1,2,32,6,3,0,0,0,0,0,9,1,Sheffield
1693532,201514K331415,439061.0,386715.0,-1.414326,53.375854,14,3,2,1,2015-12-16,4,16:03,215,E08000019,3,6102,1,40,1,4,3,57,0,0,1,1,1,0,0,1,1,E01008016,2012100007312,2,2,2,2,35,6,3,0,0,2,0,0,9,1,Sheffield
1693535,201514K332215,438818.0,386357.0,-1.418022,53.372654,14,3,2,1,2015-12-16,4,05:50,215,E08000019,3,6102,3,40,6,2,6,0,0,0,4,2,2,0,0,1,1,E01008017,2012100008412,1,1,3,2,16,4,3,5,1,0,0,0,0,-1,Sheffield
1693565,201514K340715,436163.0,389847.0,-1.457526,53.404211,14,3,2,1,2015-12-17,5,16:05,215,E08000019,3,6135,6,30,0,-1,-1,0,0,0,4,1,1,0,0,1,1,E01007872,2012100014412,2,1,2,2,55,8,3,0,0,1,0,0,9,-1,Sheffield
1693966,2015160A04301,527280.0,409916.0,-0.079419,53.570416,16,2,2,1,2015-12-15,3,06:00,233,E06000012,6,0,1,30,2,4,6,0,0,0,4,1,1,0,0,1,2,E01013221,2012100082012,1,2,2,1,16,4,2,0,0,1,0,0,9,1,
1693969,2015160A04331,528268.0,405792.0,-0.066199,53.533129,16,3,4,1,2015-12-18,6,15:50,233,E06000012,3,1098,6,40,0,-1,-1,0,0,0,4,1,2,0,0,2,1,E01013170,2012100082012,1,5,2,1,17,4,2,0,0,2,0,0,9,1,
1693972,2015160A04361,526523.0,406961.0,-0.092039,53.544054,16,3,4,1,2015-12-15,3,09:54,233,E06000012,3,1243,6,30,3,4,6,0,0,0,1,1,2,0,0,1,1,E01013185,2012100083112,2,1,2,1,13,3,3,0,0,1,0,0,9,-1,
1693976,2015160A04411,525544.0,409491.0,-0.105789,53.567016,16,3,2,2,2015-12-16,4,17:35,233,E06000012,6,0,6,30,0,-1,-1,0,0,0,4,1,2,0,0,1,2,E01013231,2012100083212,4,3,1,2,42,7,3,0,0,0,0,0,9,1,
1693977,2015160A04421,527801.0,410597.0,-0.071278,53.576408,16,3,2,1,2015-12-15,3,05:45,233,E06000012,6,0,1,30,1,4,6,0,0,0,4,1,1,0,0,1,2,E01013136,2012100083212,4,4,2,1,9,2,3,0,0,2,0,0,9,-1,
1693980,2015160A04451,530592.0,408238.0,-0.030137,53.55453,16,3,1,1,2015-12-17,5,17:53,233,E06000012,6,0,6,30,3,4,6,0,0,0,4,2,2,0,0,1,1,E01013131,2012100083412,2,2,2,1,7,2,3,0,0,2,0,0,9,-1,
1693983,2015160A04481,526515.0,408357.0,-0.091595,53.556596,16,3,1,1,2015-12-17,5,18:49,233,E06000012,3,1243,6,30,3,2,6,0,0,0,4,2,2,0,0,1,1,E01013182,2012100083512,2,1,1,2,29,6,3,0,0,0,0,0,9,1,
1694417,2015160B04401,488737.0,411283.0,-0.660856,53.590626,16,3,1,1,2015-12-15,3,08:05,232,E06000013,6,0,6,30,6,2,6,0,0,5,1,1,2,0,0,1,1,E01013298,2012100157912,1,1,1,1,34,6,3,0,0,0,0,0,9,2,
1694420,2015160B04441,495646.0,406115.0,-0.558091,53.542976,16,3,2,1,2015-12-17,5,19:08,232,E06000013,3,15,6,60,0,-1,-1,0,0,0,4,1,2,0,0,2,1,E01013324,2012100157912,2,4,2,1,24,5,3,0,0,1,0,0,9,1,
1694422,2015160B04461,491783.0,418125.0,-0.612838,53.651582,16,3,3,2,2015-12-17,5,17:50,232,E06000013,3,1077,6,30,0,-1,-1,0,0,0,4,1,1,0,0,2,1,E01013291,2012100158312,1,1,1,1,24,5,2,0,0,0,0,0,9,1,
1694423,2015160B04471,490878.0,409081.0,-0.62916,53.570474,16,3,2,1,2015-12-17,5,19:35,232,E06000013,4,1501,6,40,0,-1,-1,0,0,0,4,1,1,0,0,1,1,E01013311,2012100158312,2,2,1,1,51,8,3,0,0,0,0,0,21,1,
1694439,2015160B04651,492119.0,418406.0,-0.607673,53.654048,16,3,1,1,2015-12-17,5,20:15,232,E06000013,4,1430,6,30,3,4,6,0,0,0,4,1,1,0,0,2,2,E01013291,2012100163912,2,2,1,2,71,10,3,0,0,0,0,0,9,2,
1694443,2015160B04691,489445.0,408643.0,-0.650918,53.566784,16,3,1,2,2015-12-15,3,15:55,232,E06000013,4,1450,6,30,3,4,6,0,0,1,4,1,2,0,0,1,1,E01013239,2012100164412,2,2,1,2,40,7,3,0,0,0,0,0,9,1,
1694447,2015160B04731,488693.0,411500.0,-0.661458,53.592584,16,2,1,1,2015-12-16,4,17:08,232,E06000013,6,0,6,30,3,4,6,0,0,0,4,1,1,0,0,1,1,E01013298,2012100164612,3,3,1,1,51,8,3,0,0,0,0,0,9,1,
1694455,2015160B04811,489219.0,410320.0,-0.653851,53.581891,16,2,2,1,2015-12-15,3,18:03,232,E06000013,6,0,3,30,0,-1,-1,0,0,5,4,2,2,0,0,1,1,E01013321,2012100165012,2,8,2,2,16,4,3,0,0,2,0,0,9,-1,
1695176,2015160C07561,493726.0,429357.0,-0.580058,53.752161,16,3,2,1,2015-12-17,5,05:58,231,E06000011,3,63,3,70,0,-1,-1,0,0,0,4,1,2,0,0,2,1,E01012973,2012100286612,2,2,1,1,48,8,3,0,0,0,0,0,9,1,
1695177,2015160C07571,473652.0,424725.0,-0.885523,53.713755,16,2,1,1,2015-12-18,6,17:35,231,E06000011,6,0,6,30,0,-1,-1,0,0,1,4,1,2,0,0,1,1,E01012993,2012100286812,1,1,1,2,50,8,3,0,0,0,0,0,9,1,
1695178,2015160C07581,487072.0,441470.0,-0.677519,53.862156,16,3,2,1,2015-12-17,5,06:40,231,E06000011,6,0,6,30,3,4,6,0,0,0,4,1,2,0,0,2,1,E01013123,2012100286912,1,1,1,1,21,5,3,0,0,0,0,0,9,1,
1695179,2015160C07591,474368.0,423917.0,-0.874871,53.706393,16,3,2,1,2015-12-18,6,21:00,231,E06000011,6,0,6,20,3,4,6,0,0,0,4,1,1,0,0,1,1,E01012997,2012100287212,1,1,1,2,23,5,3,0,0,0,0,0,9,1,
1695180,2015160C07601,495440.0,432303.0,-0.553163,53.778321,16,3,1,1,2015-12-16,4,10:30,231,E06000011,6,0,6,60,0,-1,-1,0,0,0,1,1,2,0,7,2,1,E01012968,2012100287212,2,2,1,1,19,4,3,0,0,0,0,0,19,1,
1695185,2015160C07661,494973.0,432788.0,-0.560098,53.782764,16,2,2,1,2015-12-17,5,10:45,231,E06000011,6,0,6,50,0,-1,-1,0,0,0,1,1,2,0,0,2,1,E01012968,2012100287912,2,1,2,1,70,10,3,0,0,0,3,0,11,2,
1695186,2015160C07671,529178.0,419477.0,-0.046815,53.65584,16,3,1,1,2015-12-16,4,17:30,231,E06000011,6,0,6,60,0,-1,-1,0,0,0,6,1,2,0,7,2,1,E01013081,2012100288012,2,1,1,1,23,5,2,0,0,0,0,0,1,1,
1695202,2015160C07851,501878.0,437266.0,-0.453864,53.821694,16,3,2,2,2015-12-16,4,17:00,231,E06000011,3,1079,6,60,0,-1,-1,0,0,0,4,1,1,0,0,2,2,E01012919,2012100293412,2,1,1,2,25,5,3,0,0,0,0,0,9,1,
1695213,2015160C07961,517283.0,455081.0,-0.213148,53.978491,16,3,2,1,2015-12-17,5,17:10,231,E06000011,4,1242,6,30,0,-1,-1,0,0,0,4,1,2,0,0,2,1,E01012986,2012100294612,1,1,1,1,20,4,2,0,0,0,0,0,3,1,
1695220,2015160C08031,483359.0,449471.0,-0.731786,53.934658,16,3,2,3,2015-12-18,6,06:50,231,E06000011,4,1246,6,60,0,-1,-1,0,0,0,1,1,2,0,0,2,1,E01013119,2012100296312,1,2,3,1,54,8,2,1,1,0,0,0,0,1,
1695888,2015160D07091,513933.0,430403.0,-0.273358,53.757538,16,3,4,1,2015-12-16,4,10:05,228,E06000010,6,0,6,30,0,-1,-1,0,0,5,1,1,2,0,0,1,1,E01012843,2012100403212,1,1,2,1,27,6,3,0,0,1,0,0,9,1,Hull
1695889,2015160D07101,508986.0,430001.0,-0.3485,53.754984,16,3,2,1,2015-12-15,3,20:26,228,E06000010,3,1079,6,30,3,2,6,0,0,5,4,1,2,0,0,1,1,E01012857,2012100403412,2,1,2,2,30,6,3,0,0,0,4,0,11,-1,Hull
1695890,2015160D07111,506224.0,428229.0,-0.390981,53.739633,16,3,1,1,2015-12-16,4,22:12,228,E06000010,6,0,6,30,0,-1,-1,0,0,0,4,1,2,0,0,1,1,E01012860,2012100403512,2,1,1,1,39,7,3,0,0,0,0,0,1,1,Hull
1695891,2015160D07121,508650.0,430189.0,-0.353528,53.756743,16,3,2,1,2015-12-16,4,20:56,228,E06000010,6,0,6,30,0,-1,-1,0,0,0,4,1,1,0,0,1,1,E01012761,2012100403612,1,1,2,2,53,8,3,0,0,0,4,0,11,2,Hull
1695904,2015160D07271,512441.0,430807.0,-0.295831,53.761492,16,3,2,1,2015-12-17,5,07:05,228,E06000010,6,0,6,30,6,4,6,0,0,0,4,1,2,0,0,1,1,E01012901,2012100404912,2,5,2,2,53,8,3,0,0,1,0,0,9,-1,Hull
1695906,2015160D07291,509433.0,429139.0,-0.342029,53.747146,16,3,2,2,2015-12-18,6,23:07,228,E06000010,6,0,6,30,6,4,6,0,0,0,4,1,2,0,0,1,1,E01012851,2012100405112,2,1,1,1,39,7,3,0,0,0,0,0,1,1,Hull
1695908,2015160D07311,513934.0,429321.0,-0.273742,53.747818,16,3,3,1,2015-12-15,3,20:55,228,E06000010,3,1033,3,40,0,-1,-1,0,0,0,4,3,2,0,0,1,1,E01012848,2012100405412,2,2,2,2,1,1,3,0,0,2,0,0,9,2,Hull
1695919,2015160D07431,508247.0,429584.0,-0.359849,53.751391,16,3,2,1,2015-12-17,5,17:30,228,E06000010,6,0,6,30,3,4,6,0,0,4,1,1,1,0,0,1,2,E01012852,2012100408512,1,2,2,2,36,7,3,0,0,2,0,0,9,1,Hull
1695935,2015160D07601,509367.0,428709.0,-0.343181,53.743296,16,3,1,1,2015-12-18,6,01:30,228,E06000010,6,0,6,30,3,4,6,0,0,1,4,1,1,0,0,1,1,E01033104,2012100411412,2,1,2,1,78,11,3,0,0,0,3,0,11,1,Hull
1695947,2015160D07731,508020.0,428675.0,-0.363608,53.743271,16,3,2,1,2015-12-16,4,17:45,228,E06000010,3,1105,6,30,0,-1,-1,0,0,0,4,1,2,0,0,1,1,E01012891,2012100412612,1,1,2,1,8,2,3,0,0,0,4,0,11,1,Hull
1695973,2015160D08001,507553.0,430120.0,-0.370183,53.75635,16,3,3,2,2015-12-18,6,11:51,228,E06000010,6,0,6,30,6,4,6,0,0,0,1,1,1,0,0,1,1,E01012758,2012100416112,1,1,1,2,22,5,3,0,0,0,0,0,9,1,Hull
1696107,2015170H11455,450963.0,534018.0,-1.210762,54.698621,17,3,2,1,2015-12-17,5,18:00,240,E06000001,3,179,6,40,1,4,3,1048,0,0,4,1,1,0,0,1,1,E01011992,2012100437812,1,1,3,2,37,7,3,8,5,0,0,0,0,1,
1696224,2015170L22045,454537.0,520589.0,-1.15781,54.577578,17,3,2,1,2015-12-17,5,16:07,241,E06000003,3,66,3,50,6,2,6,0,0,0,4,1,2,0,0,2,1,E01012170,2012100457512,2,1,1,1,45,7,3,0,0,0,0,0,9,1,
1696265,2015170L31945,460300.0,522650.0,-1.068245,54.595445,17,3,2,1,2015-12-17,5,09:35,241,E06000003,6,0,6,30,3,4,6,0,0,0,1,1,1,0,0,1,1,E01012128,2012100468212,2,1,2,2,8,2,3,0,0,2,0,0,9,1,
1696509,2015170M13145,449750.0,520562.0,-1.231864,54.577828,17,3,6,5,2015-12-16,4,07:45,243,E06000002,3,66,3,50,0,-1,-1,0,0,0,1,1,1,0,0,1,1,E01033468,2012100507812,1,1,1,1,19,4,1,0,0,0,0,0,9,-1,
1696515,2015170M13285,448627.0,517641.0,-1.249717,54.551689,17,3,2,2,2015-12-17,5,18:45,243,E06000002,6,0,6,30,3,4,6,0,0,0,4,1,1,0,0,1,2,E01012009,2012100508212,2,1,1,2,40,7,3,0,0,0,0,0,19,-1,
1696857,2015170S23215,445310.0,524756.0,-1.2999,54.615932,17,3,1,1,2015-12-15,3,15:45,245,E06000004,6,0,6,30,0,-1,-1,0,0,0,1,1,1,0,0,1,1,E01012277,2012100566012,2,2,1,1,65,9,3,0,0,0,0,0,9,1,
1696893,2015170S33195,444847.0,514569.0,-1.308619,54.524431,17,2,1,1,2015-12-15,3,08:00,245,E06000004,6,0,6,30,3,4,6,0,0,4,1,1,1,0,0,1,1,E01012236,2012100572312,2,2,2,1,21,5,3,0,0,0,0,0,19,1,
1696896,2015170S33335,444994.0,513674.0,-1.306485,54.516376,17,2,2,1,2015-12-18,6,19:30,245,E06000004,6,0,6,30,3,4,6,0,0,0,4,1,1,0,0,1,1,E01012230,2012100573512,2,1,1,1,34,6,2,0,0,0,0,0,5,-1,
1697553,2015200036528,405825.0,284834.0,-1.915696,52.461422,20,3,2,1,2015-12-16,4,14:36,300,E08000025,6,0,6,30,6,4,6,0,0,0,1,1,2,0,0,1,1,E01008997,2012100692312,2,1,1,2,30,6,3,0,0,0,0,0,9,1,Birmingham
1697569,2015200036641,407550.0,286947.0,-1.890261,52.480397,20,3,1,1,2015-12-16,4,20:30,300,E08000025,6,0,2,30,9,4,6,0,0,0,4,1,1,0,0,1,2,E01033617,2012100694312,2,1,1,1,21,5,3,0,0,0,0,0,9,1,Birmingham
1697582,2015200036695,406865.0,282670.0,-1.900433,52.441956,20,2,1,1,2015-12-15,3,11:38,300,E08000025,6,0,6,30,3,4,6,0,0,0,1,8,2,0,0,1,1,E01009186,2012100696712,3,2,1,1,57,9,2,0,0,0,0,0,19,2,Birmingham
1697587,2015200036713,407225.0,283384.0,-1.895122,52.44837,20,3,1,1,2015-12-15,3,17:15,300,E08000025,4,4217,6,30,3,2,6,0,0,0,1,2,2,0,0,1,2,E01009184,2012100698112,2,1,1,1,38,7,3,0,0,0,0,0,9,1,Birmingham
1697598,2015200036866,411441.0,280586.0,-1.833185,52.423145,20,2,3,3,2015-12-15,3,19:30,300,E08000025,6,0,3,40,6,2,6,0,0,5,4,2,2,0,0,1,1,E01032589,2012100699512,1,1,3,1,70,10,1,6,7,0,0,0,0,-1,Birmingham
1697600,2015200036894,411524.0,287126.0,-1.831741,52.481938,20,3,1,1,2015-12-17,5,17:13,300,E08000025,6,0,6,30,3,4,6,0,0,0,4,5,2,0,0,1,2,E01009476,2012100699612,2,2,2,1,4,1,3,0,0,1,0,0,9,-1,Birmingham
1697601,2015200036905,406628.0,288898.0,-1.903798,52.497948,20,3,1,1,2015-12-15,3,13:18,300,E08000025,6,0,6,30,3,4,6,0,0,1,1,1,2,0,0,1,1,E01008909,2012100700012,1,1,3,1,16,4,2,8,1,0,0,0,0,-1,Birmingham
1697608,2015200036951,408475.0,284637.0,-1.876699,52.459617,20,2,1,1,2015-12-18,6,19:32,300,E08000025,6,0,6,30,6,2,6,0,0,0,4,2,1,0,0,1,1,E01009367,2012100701912,2,1,1,1,33,6,3,0,0,0,0,0,9,1,Birmingham
1697610,2015200036985,411537.0,282965.0,-1.831692,52.44453,20,3,1,1,2015-12-17,5,21:09,300,E08000025,3,4040,3,30,0,-1,-1,0,0,4,4,2,2,0,0,1,1,E01009018,2012100702312,1,1,3,1,9,2,3,5,1,0,0,0,0,1,Birmingham
1697612,2015200036991,412353.0,288355.0,-1.819489,52.492968,20,3,2,1,2015-12-16,4,14:30,300,E08000025,4,4114,6,30,9,4,6,0,0,0,1,1,2,0,0,1,1,E01009490,2012100703012,1,1,1,1,38,7,3,0,0,0,0,0,2,1,Birmingham
1697617,2015200037078,402726.0,279114.0,-1.961352,52.410023,20,3,2,1,2015-12-17,5,13:20,300,E08000025,6,0,2,30,0,-1,-1,0,0,0,1,1,2,4,2,1,2,E01009205,2012100705012,1,1,2,2,19,4,3,0,0,1,0,0,9,-1,Birmingham
1697619,2015200037083,405360.0,280128.0,-1.922614,52.41912,20,3,2,1,2015-12-15,3,06:39,300,E08000025,3,441,6,30,0,-1,-1,0,0,0,4,1,2,0,0,1,2,E01008957,2012100705112,2,2,1,1,19,4,3,0,0,0,0,0,9,2,Birmingham
1697621,2015200037091,406194.0,282183.0,-1.910313,52.437586,20,3,1,1,2015-12-15,3,17:21,300,E08000025,6,0,9,30,3,4,6,0,0,0,4,8,2,0,0,1,2,E01009186,2012100705712,2,1,1,2,42,7,3,0,0,0,0,0,9,1,Birmingham
1697628,2015200037215,410803.0,286578.0,-1.842375,52.477026,20,3,2,4,2015-12-15,3,20:57,300,E08000025,6,0,3,30,7,4,6,0,0,0,4,8,2,0,0,1,1,E01009343,2012100706512,1,3,2,2,26,6,3,0,0,1,0,0,9,-1,Birmingham
1697633,2015200037274,408659.0,284572.0,-1.873992,52.45903,20,3,2,1,2015-12-16,4,16:14,300,E08000025,6,0,6,30,0,-1,-1,0,0,4,4,2,2,0,0,1,2,E01009371,2012100707712,1,1,1,2,35,6,3,0,0,0,0,0,9,2,Birmingham
1697635,2015200037297,402596.0,280411.0,-1.963253,52.421683,20,3,1,1,2015-12-15,3,12:30,300,E08000025,6,0,6,30,0,-1,-1,0,0,0,7,8,2,0,0,1,2,E01009496,2012100708112,1,1,2,2,80,11,2,0,0,0,2,0,11,1,Birmingham
1697644,2015200037379,394807.0,299019.0,-2.078085,52.588948,20,3,2,1,2015-12-18,6,07:30,309,E08000031,6,0,6,30,0,-1,-1,0,0,0,4,1,1,0,0,1,2,E01010564,2012100709812,2,1,1,2,32,6,3,0,0,0,0,0,9,1,Wolverhampton
1697646,2015200037393,402385.0,300353.0,-1.96622,52.600961,20,3,2,1,2015-12-17,5,16:10,307,E08000030,3,461,6,30,8,4,6,0,0,0,1,1,1,0,0,1,2,E01010324,2012100710012,2,1,2,1,15,3,3,0,0,2,0,0,9,-1,
1697647,2015200037395,391623.0,285620.0,-2.12474,52.468452,20,2,1,1,2015-12-16,4,12:13,303,E08000027,6,0,6,30,8,4,6,0,0,0,1,1,2,0,0,1,1,E01009722,2012100710212,1,1,1,1,58,9,3,0,0,0,0,0,19,1,
1697649,2015200037423,392851.0,285908.0,-2.10667,52.471059,20,3,1,1,2015-12-16,4,09:32,303,E08000027,6,0,6,30,3,4,6,0,0,0,1,8,2,0,0,1,2,E01009867,2012100710412,2,1,1,2,27,6,3,0,0,0,0,0,9,1,
1697650,2015200037431,409074.0,292849.0,-1.867662,52.533433,20,3,4,1,2015-12-15,3,18:02,300,E08000025,6,0,6,30,0,-1,-1,0,0,0,4,2,2,4,0,1,1,E01009123,2012100711212,1,1,3,2,25,5,3,4,4,0,0,0,0,1,Birmingham
1697651,2015200037435,389153.0,288378.0,-2.161189,52.493202,20,3,2,1,2015-12-17,5,13:10,303,E08000027,6,0,6,30,0,-1,-1,0,0,0,1,2,2,0,0,1,2,E01009825,2012100711612,1,1,1,1,35,6,3,0,0,0,0,0,9,-1,
1697653,2015200037449,399181.0,287053.0,-2.013488,52.4814,20,3,2,1,2015-12-15,3,09:31,305,E08000028,6,0,3,30,6,2,6,0,0,0,1,1,1,0,0,1,2,E01010000,2012100711812,1,2,2,1,9,2,3,0,0,2,0,0,9,-1,Sandwell
1697654,2015200037451,397540.0,292409.0,-2.037693,52.529545,20,3,2,1,2015-12-16,4,17:00,305,E08000028,3,461,6,30,0,-1,-1,0,0,0,4,1,1,0,0,1,2,E01009980,2012100711812,1,3,2,2,4,1,3,0,0,2,0,0,9,-1,Sandwell
1697656,2015200037478,408658.0,286142.0,-1.873967,52.473144,20,3,2,2,2015-12-15,3,13:23,300,E08000025,6,0,1,30,1,4,3,4540,0,0,1,1,2,0,0,1,1,E01009200,2012100712612,2,1,1,2,44,7,3,0,0,0,0,0,9,1,Birmingham
1697658,2015200037484,402099.0,279720.0,-1.970565,52.415473,20,3,2,1,2015-12-18,6,14:00,300,E08000025,6,0,6,30,0,-1,-1,0,0,0,1,9,1,0,0,1,2,E01009219,2012100712612,2,3,2,2,38,7,3,0,0,2,0,0,9,1,Birmingham
1697672,2015200037583,401692.0,287009.0,-1.976515,52.481003,20,3,2,1,2015-12-15,3,18:00,305,E08000028,6,0,6,30,0,-1,-1,0,0,0,4,1,1,0,0,1,2,E01009928,2012100716312,1,1,1,2,57,9,3,0,0,0,0,0,9,1,Sandwell
1697679,2015200037662,390754.0,290749.0,-2.137676,52.514547,20,2,2,3,2015-12-16,4,10:30,303,E08000027,6,0,6,30,0,-1,-1,0,0,0,1,1,2,0,0,1,1,E01009785,2012100717212,1,1,1,2,41,7,3,0,0,0,0,0,9,1,
1697681,2015200037694,433795.0,281624.0,-1.50437,52.431556,20,3,3,2,2015-12-16,4,10:26,300,E08000025,4,4118,6,30,3,4,6,0,0,0,1,1,1,0,0,1,1,E01009566,2012100717212,1,3,3,2,64,9,2,5,1,0,0,0,0,1,Coventry
1697683,2015200037718,390777.0,289682.0,-2.137307,52.504955,20,3,2,1,2015-12-16,4,07:41,303,E08000027,6,0,1,30,0,-1,-1,0,0,0,1,2,2,4,0,1,2,E01009749,2012100717412,1,1,1,2,77,11,3,0,0,0,0,0,9,-1,
1697686,2015200037766,393143.0,285996.0,-2.102373,52.471854,20,3,2,2,2015-12-18,6,11:27,303,E08000027,6,0,6,30,3,4,3,4100,0,0,1,1,1,0,0,1,2,E01009866,2012100717812,2,1,1,2,46,8,3,0,0,0,0,0,9,3,
1697687,2015200037769,391567.0,298114.0,-2.125885,52.580771,20,3,3,1,2015-12-15,3,14:45,300,E08000025,3,4150,3,40,7,2,6,0,0,1,1,1,2,0,0,1,1,E01010521,2012100717912,1,1,2,2,34,6,3,0,0,0,4,0,11,1,Wolverhampton
1697700,2015200037900,396665.0,286287.0,-2.050527,52.474503,20,3,3,2,2015-12-17,5,15:34,305,E08000028,6,0,6,30,0,-1,-1,0,0,0,5,8,2,0,0,1,1,E01009932,2012100720012,2,1,1,1,36,7,3,0,0,0,0,0,9,-1,Sandwell
1697704,2015200037924,394808.0,296102.0,-2.078023,52.562724,20,2,1,1,2015-12-16,4,15:30,309,E08000031,6,0,6,30,3,1,6,0,2,4,1,1,1,0,0,1,1,E01010450,2012100720912,2,1,1,2,22,5,3,0,0,0,0,0,9,1,Wolverhampton
1697706,2015200037936,415585.0,280672.0,-1.772243,52.423817,20,3,2,1,2015-12-17,5,06:30,306,E08000029,6,0,6,30,9,4,6,0,0,0,4,1,1,0,0,1,2,E01010233,2012100721112,2,2,2,2,47,8,3,0,0,2,0,0,8,1,
1697707,2015200037939,397050.0,297828.0,-2.044965,52.578258,20,3,2,1,2015-12-15,3,16:20,307,E08000030,3,463,3,30,0,-1,-1,0,0,0,5,2,2,0,0,1,1,E01010406,2012100721112,2,3,2,2,52,8,3,0,0,2,0,0,8,1,
1697709,2015200037951,398549.0,288291.0,-2.0228,52.492528,20,3,2,1,2015-12-18,6,09:10,305,E08000028,6,0,1,40,1,2,3,4123,0,0,1,1,1,0,0,1,2,E01010004,2012100721412,2,1,2,2,21,5,3,0,0,1,0,0,9,-1,Sandwell
1697710,2015200037954,400335.0,300071.0,-1.996487,52.598431,20,3,2,1,2015-12-18,6,18:15,307,E08000030,3,34,6,30,3,2,6,0,0,0,4,1,2,0,0,1,1,E01010368,2012100721712,2,1,1,2,30,6,3,0,0,0,0,0,9,1,
1697713,2015200037963,403063.0,297884.0,-1.956231,52.578762,20,3,1,1,2015-12-17,5,08:54,307,E08000030,6,0,6,30,9,4,6,0,0,0,1,1,1,0,0,1,1,E01010328,2012100721712,2,4,2,1,4,1,3,0,0,2,0,0,9,-1,
1697715,2015200037970,399295.0,290057.0,-2.011817,52.508406,20,3,2,1,2015-12-18,6,07:55,305,E08000028,6,0,6,30,6,4,6,0,0,0,1,1,1,0,0,1,2,E01010017,2012100722012,1,4,2,2,64,9,2,0,0,1,0,0,9,1,Sandwell
1697716,2015200038015,392508.0,301967.0,-2.112087,52.615422,20,2,2,5,2015-12-18,6,17:37,309,E08000031,6,0,6,30,0,-1,-1,0,0,0,4,1,2,0,0,1,1,E01010482,2012100722012,2,2,1,2,43,7,3,0,0,0,0,0,9,1,Wolverhampton
1697733,2015200038083,419040.0,283059.0,-1.721301,52.445167,20,3,4,2,2015-12-15,3,16:53,306,E08000029,3,45,3,60,0,-1,-1,0,0,0,4,2,2,0,0,1,1,E01010109,2012100724412,2,1,1,1,36,7,3,0,0,0,0,0,9,-1,Birmingham
1697734,2015200038088,435205.0,281557.0,-1.48364,52.430866,20,2,1,1,2015-12-15,3,18:06,302,E08000026,6,0,6,30,3,4,6,0,0,0,4,5,2,0,0,1,1,E01009662,2012100724412,2,2,2,2,27,6,3,0,0,1,0,0,9,-1,Coventry
1697741,2015200038125,402890.0,286120.0,-1.958882,52.473006,20,3,1,1,2015-12-16,4,19:28,300,E08000025,6,0,3,30,0,-1,-1,0,0,0,4,1,1,0,0,1,1,E01009065,2012100725712,1,1,1,1,60,9,3,0,0,0,0,0,9,1,Birmingham
1697743,2015200038129,395536.0,292426.0,-2.067233,52.529684,20,3,1,1,2015-12-17,5,17:35,305,E08000028,6,0,6,30,0,-1,-1,0,0,1,4,9,1,0,0,1,2,E01010074,2012100726112,1,1,3,1,79,11,3,5,1,0,0,0,0,1,Sandwell