,Accident_Index_x,Location_Easting_OSGR,Location_Northing_OSGR,Longitude,Latitude,Police_Force,Accident_Severity,Number_of_Vehicles,Number_of_Casualties,Date,Day_of_Week,Time,Local_Authority_(District),Local_Authority_(Highway),1st_Road_Class,1st_Road_Number,Road_Type,Speed_limit,Junction_Detail,Junction_Control,2nd_Road_Class,2nd_Road_Number,Pedestrian_Crossing-Human_Control,Pedestrian_Crossing-Physical_Facilities,Light_Conditions,Weather_Conditions,Road_Surface_Conditions,Special_Conditions_at_Site,Carriageway_Hazards,Urban_or_Rural_Area,Did_Police_Officer_Attend_Scene_of_Accident,LSOA_of_Accident_Location,Accident_Index_y,Vehicle_Reference,Casualty_Reference,Casualty_Class,Sex_of_Casualty,Age_of_Casualty,Age_Band_of_Casualty,Casualty_Severity,Pedestrian_Location,Pedestrian_Movement,Car_Passenger,Bus_or_Coach_Passenger,Pedestrian_Road_Maintenance_Worker,Casualty_Type,Casualty_Home_Area_Type,city
1705895,2015220039991,350761.0,312843.0,-2.730266,52.710997,22,3,2,1,2015-12-16,4,08:50,286,E06000051,3,5112,6,50,1,4,6,0,0,0,1,1,2,0,0,1,1,E01028967,2012130244521,1,2,2,1,18,4,3,0,0,1,0,0,9,1,
1705904,2015220040076,336015.0,322754.0,-2.950442,52.798534,22,3,2,1,2015-12-16,4,18:10,286,E06000051,3,5,6,40,6,4,4,4397,0,0,4,1,1,0,0,2,2,E01028913,2012130245309,1,1,2,2,18,4,3,0,0,0,0,0,3,3,
1705907,2015220040493,371363.0,271775.0,-2.421777,52.343297,22,3,1,1,2015-12-15,3,22:19,273,E10000034,3,456,6,30,0,-1,-1,0,0,0,6,2,2,0,0,2,1,E01032193,2012130245541,1,1,1,1,61,9,3,0,0,0,0,0,9,2,Malvern Hills
1705908,2015220040516,393891.0,237180.0,-2.090461,52.032993,22,3,1,1,2015-12-16,4,21:09,277,E10000034,6,0,6,40,0,-1,-1,0,0,0,1,1,2,0,0,2,1,E01032348,2012130245541,2,2,2,1,88,11,3,0,0,1,0,0,9,3,Wychavon
1705909,2015220040594,400062.0,256260.0,-2.000511,52.204566,22,3,1,1,2015-12-17,5,05:55,277,E10000034,3,422,6,60,0,-1,-1,0,0,0,6,1,2,0,0,2,1,E01032416,2012130245541,2,3,2,2,76,11,3,0,0,2,0,0,9,3,Wychavon
1705950,2015220041533,368575.0,290465.0,-2.464463,52.511162,22,3,2,1,2015-12-16,4,11:59,286,E06000051,4,4364,6,60,0,-1,-1,0,0,0,1,1,2,0,0,2,2,E01028846,2012130249001,1,1,2,2,29,6,3,0,0,1,0,0,9,1,
1705951,2015220041534,364410.0,226014.0,-2.519027,51.931492,22,3,1,1,2015-12-15,3,01:30,285,E06000019,1,50,3,70,0,-1,-1,0,0,0,6,1,2,0,0,2,2,E01014053,2012130249158,1,1,1,1,45,7,3,0,0,0,0,0,9,3,
1705952,2015220041552,372168.0,304824.0,-2.412735,52.640439,22,3,2,1,2015-12-15,3,06:54,286,E06000051,3,4169,6,60,3,4,4,4379,0,0,6,1,2,0,0,2,1,E01028847,2012130249610,1,1,1,1,35,6,3,0,0,0,0,0,3,2,
1705953,2015220041738,378884.0,296034.0,-2.312924,52.561725,22,3,2,1,2015-12-16,4,08:35,286,E06000051,4,4176,6,60,0,-1,-1,0,0,0,1,1,2,0,0,2,1,E01028859,2012130249674,2,1,1,2,39,7,3,0,0,0,0,0,9,-1,
1705954,2015220041837,370495.0,305946.0,-2.437558,52.650437,22,3,1,1,2015-12-17,5,16:00,284,E06000020,6,0,6,30,0,-1,-1,0,0,0,1,1,2,0,0,1,1,E01014109,2012130249703,2,1,1,1,40,7,2,0,0,0,0,0,5,1,
1705955,2015220041940,397056.0,275345.0,-2.044671,52.376137,22,3,2,1,2015-12-17,5,17:20,270,E10000034,3,38,6,60,3,4,6,0,0,0,4,1,1,0,0,2,1,E01032129,2012130249710,2,1,1,2,28,6,3,0,0,0,0,0,9,3,
1705956,2015220041944,357384.0,310703.0,-2.631962,52.692324,22,2,2,1,2015-12-17,5,23:35,286,E06000051,4,4394,6,60,0,-1,-1,0,0,0,6,1,2,0,0,2,1,E01028980,2012130249864,1,1,1,1,41,7,3,0,0,0,0,0,9,1,
1705963,2015220042223,382649.0,275134.0,-2.25629,52.37397,22,3,2,1,2015-12-18,6,23:53,278,E10000034,6,0,6,30,3,4,6,0,0,0,4,1,2,0,0,1,1,E01032470,2012130250356,2,1,1,2,55,8,3,0,0,0,0,0,9,1,Wyre Forest
1705966,2015220042361,380703.0,303600.0,-2.286535,52.629808,22,2,1,1,2015-12-17,5,09:50,286,E06000051,6,0,6,60,0,-1,-1,0,0,0,1,1,1,0,0,2,1,E01028826,2012130250408,2,3,1,1,27,6,3,0,0,0,0,0,9,1,
1707967,2015230036515,447058.0,280851.0,-1.30942,52.42363,23,1,2,2,2015-12-17,5,08:24,292,E10000031,1,6,3,70,0,-1,-1,0,0,0,1,1,2,0,0,2,1,E01031160,2012130394995,1,1,1,2,26,6,3,0,0,0,0,0,9,1,
1707985,2015230037645,410508.0,258759.0,-1.847579,52.226935,23,2,1,1,2015-12-17,5,13:40,293,E10000031,4,4089,6,50,3,4,6,0,0,0,1,1,1,0,0,2,1,E01031208,2012130395719,1,2,2,1,14,3,3,0,0,1,0,0,9,1,Stratford-on-Avon
1707987,2015230037708,430551.0,265805.0,-1.553516,52.289536,23,3,2,1,2015-12-15,3,10:37,294,E10000031,4,4099,1,30,1,4,6,0,0,4,1,2,2,0,0,1,1,E01031293,2012130395763,2,1,1,1,39,7,2,0,0,0,0,0,5,1,
1707992,2015230037886,449649.0,276590.0,-1.271952,52.385098,23,2,1,1,2015-12-18,6,23:22,292,E10000031,6,0,6,30,3,4,6,0,0,0,4,1,2,0,0,1,1,E01031171,2012130396090,2,2,1,2,18,4,3,0,0,0,0,0,9,2,
1707993,2015230037950,431653.0,267341.0,-1.537216,52.303282,23,3,2,1,2015-12-18,6,06:10,294,E10000031,3,452,6,30,3,4,6,0,0,0,4,1,2,0,0,1,2,E01031285,2012130396200,1,1,1,1,27,6,3,0,0,0,0,0,9,1,
1708002,2015230038745,449698.0,274753.0,-1.271504,52.36858,23,3,1,2,2015-12-15,3,08:37,292,E10000031,6,0,6,30,9,4,6,0,0,0,1,1,1,0,0,1,2,E01031167,2012130396556,1,1,1,2,18,4,3,0,0,0,0,0,9,3,
1708003,2015230038821,449035.0,272759.0,-1.281531,52.350714,23,2,2,1,2015-12-18,6,10:00,292,E10000031,6,0,6,30,0,-1,-1,0,0,0,1,1,2,0,0,1,1,E01031135,2012130396739,1,1,1,2,25,5,3,0,0,0,0,0,9,1,
1708130,2015230040777,432702.0,263565.0,-1.522198,52.269275,23,3,1,1,2015-12-15,3,09:00,294,E10000031,6,0,6,30,3,4,6,0,0,0,1,1,2,0,0,1,2,E01031327,2012130404922,2,1,1,1,25,5,3,0,0,0,0,0,9,1,
1708133,2015230040824,432635.0,274114.0,-1.52216,52.364114,23,3,2,3,2015-12-15,3,06:55,294,E10000031,3,46,3,70,0,-1,-1,0,0,0,6,2,2,0,0,2,1,E01031308,2012130405069,1,1,1,1,18,4,3,0,0,0,0,0,1,1,
1708134,2015230040825,429066.0,264680.0,-1.575383,52.279503,23,3,2,1,2015-12-15,3,16:37,294,E10000031,3,425,6,30,9,4,6,0,0,0,4,1,1,0,0,1,2,E01031317,2012130405233,1,1,1,2,16,4,3,0,0,0,0,0,3,1,
1708135,2015230040887,419761.0,254913.0,-1.712338,52.192106,23,3,1,1,2015-12-15,3,16:10,293,E10000031,3,4390,6,30,3,4,6,0,0,4,4,2,2,0,0,1,1,E01031234,2012130405245,1,1,3,2,11,3,2,9,8,0,0,0,0,1,Stratford-on-Avon
1708163,2015230041353,429218.0,264723.0,-1.573152,52.279881,23,3,4,2,2015-12-16,4,16:20,294,E10000031,3,425,6,30,3,4,6,0,0,0,4,8,2,0,0,1,1,E01031316,2012130407649,2,2,2,2,25,5,3,0,0,1,0,0,9,1,
1708165,2015230041407,431738.0,266889.0,-1.536012,52.299214,23,3,2,1,2015-12-15,3,12:00,294,E10000031,3,452,6,30,0,-1,-1,0,0,0,1,1,2,0,0,1,1,E01031285,2012130407770,1,1,1,1,21,5,3,0,0,0,0,0,9,1,
1708166,2015230041439,428550.0,264883.0,-1.582929,52.281354,23,3,2,1,2015-12-17,5,08:20,294,E10000031,3,425,1,30,1,4,3,425,0,0,1,1,2,0,0,1,2,E01031317,2012130407949,1,1,3,1,10,2,3,1,9,0,0,0,0,2,
1708171,2015230041506,430115.0,291356.0,-1.557618,52.519259,23,3,2,1,2015-12-15,3,15:35,290,E10000031,4,4112,6,30,0,-1,-1,0,0,0,1,2,2,0,0,2,1,E01031005,2012130408332,1,1,1,2,22,5,3,0,0,0,0,0,9,1,North Warwickshire
1708181,2015230041775,419014.0,294134.0,-1.721055,52.54473,23,3,2,2,2015-12-16,4,12:00,290,E10000031,1,42,3,70,0,-1,-1,0,0,0,1,1,2,0,0,2,2,E01031023,2012130408852,2,1,1,1,52,8,3,0,0,0,0,0,9,1,North Warwickshire
1708182,2015230041800,436549.0,292409.0,-1.462687,52.528332,23,3,2,1,2015-12-15,3,07:20,291,E10000031,3,444,6,30,0,-1,-1,0,0,0,4,1,2,0,0,1,2,E01031102,2012130408897,2,1,1,1,47,8,3,0,0,0,0,0,9,1,Nuneaton and Bedworth
1708186,2015230041828,418490.0,292918.0,-1.728849,52.533817,23,3,2,1,2015-12-16,4,17:10,290,E10000031,1,42,3,70,0,-1,-1,0,0,0,4,1,1,0,0,2,1,E01031023,2012130409030,1,1,1,1,40,7,3,0,0,0,0,0,8,1,North Warwickshire
1708187,2015230041843,451095.0,277120.0,-1.250628,52.389729,23,2,2,1,2015-12-18,6,19:00,292,E10000031,6,0,6,30,3,4,6,0,0,0,4,1,1,0,0,2,1,E01031142,2012130409041,1,1,1,1,21,5,3,0,0,0,0,0,9,1,
1708189,2015230041866,440683.0,288909.0,-1.402181,52.496577,23,3,2,1,2015-12-17,5,08:10,292,E10000031,4,4114,6,60,3,4,6,0,0,0,1,1,1,0,0,2,1,E01031182,2012130409282,3,2,1,1,33,6,3,0,0,0,0,0,9,1,Nuneaton and Bedworth
1708190,2015230041879,427516.0,298186.0,-1.595355,52.580795,23,3,2,1,2015-12-18,6,07:50,290,E10000031,6,0,6,50,3,4,6,0,0,0,1,1,2,0,0,2,2,E01031018,2012130409296,1,1,1,2,50,8,3,0,0,0,0,0,9,2,North Warwickshire
1708191,2015230041881,431265.0,285989.0,-1.541172,52.470947,23,3,2,1,2015-12-17,5,15:30,290,E10000031,1,6,3,70,0,-1,-1,0,0,0,1,2,2,0,0,2,1,E01031027,2012130409296,2,2,1,2,22,5,3,0,0,0,0,0,9,2,Nuneaton and Bedworth
1708192,2015230041886,422420.0,297269.0,-1.670621,52.572784,23,3,2,2,2015-12-18,6,19:26,290,E10000031,6,0,6,30,0,-1,-1,0,0,0,4,1,2,0,0,2,1,E01031031,2012130409296,2,3,2,1,26,6,3,0,0,1,0,0,9,2,North Warwickshire
1708194,2015230041964,436438.0,291685.0,-1.464402,52.521831,23,3,1,1,2015-12-18,6,13:00,291,E10000031,6,0,6,30,9,4,6,0,0,4,1,1,1,0,0,1,2,E01031043,2012130409416,1,1,1,2,42,7,3,0,0,0,0,0,9,3,Nuneaton and Bedworth
1711450,2015300017147,442440.0,352330.0,-1.368102,53.066532,30,3,2,1,2015-12-15,3,09:28,320,E10000007,4,6016,6,30,3,4,4,6016,0,0,4,7,2,0,0,1,1,E01019445,201214A143112,1,1,1,1,59,9,3,0,0,0,0,0,9,1,Amber Valley
1711453,2015300017154,439270.0,369400.0,-1.41332,53.220207,30,3,2,1,2015-12-15,3,17:10,322,E10000007,6,0,6,30,3,4,6,0,0,0,4,2,2,0,0,1,2,E01019548,201214A143212,1,1,1,1,40,7,3,0,0,0,0,0,9,1,Chesterfield
1711454,2015300017155,415680.0,366450.0,-1.76676,53.194905,30,3,2,4,2015-12-15,3,19:20,329,E10000007,4,5055,6,60,0,-1,-1,0,0,0,6,7,2,0,0,2,1,E01019617,201214A143212,1,4,2,1,27,6,3,0,0,2,0,0,9,1,Derbyshire Dales
1711455,2015300017156,434700.0,333340.0,-1.485633,52.896392,30,3,2,1,2015-12-15,3,16:00,323,E06000015,6,0,6,30,0,-1,-1,0,0,0,1,5,2,0,0,1,1,E01013573,201214A143212,2,2,1,1,46,8,3,0,0,0,0,0,9,1,Derby
1711457,2015300017161,424250.0,316840.0,-1.642187,52.748639,30,3,1,1,2015-12-16,4,07:45,328,E10000007,5,17,6,30,0,-1,-1,0,0,0,1,1,2,0,0,2,2,E01019850,201214A143212,3,5,2,1,27,6,3,0,0,0,0,0,90,1,South Derbyshire
1711458,2015300017165,446700.0,337910.0,-1.306612,52.936564,30,3,2,1,2015-12-16,4,08:40,324,E10000007,5,163,6,30,3,4,5,164,0,0,1,2,2,0,0,1,1,E01019656,201214A143212,3,6,2,1,43,7,3,0,0,0,0,0,90,2,Erewash
1711460,2015300017171,435770.0,333390.0,-1.469723,52.896771,30,3,1,1,2015-12-16,4,15:35,323,E06000015,5,167,6,30,0,-1,-1,0,0,0,1,1,1,0,0,1,1,E01013590,201214A143812,1,1,3,2,12,3,3,5,1,0,0,0,0,1,Derby
1711461,2015300017172,436850.0,333300.0,-1.45368,52.895889,30,3,2,2,2015-12-16,4,17:44,323,E06000015,5,66,6,30,0,-1,-1,0,0,0,1,1,2,0,0,1,1,E01013472,201214A144012,1,1,3,2,11,3,2,3,1,0,0,0,0,1,Derby
1711462,2015300017176,444730.0,333250.0,-1.336561,52.894844,30,2,2,1,2015-12-16,4,16:45,324,E10000007,3,6005,6,30,3,4,6,0,0,0,4,1,1,0,0,1,1,E01019655,201214A144512,1,1,1,2,42,7,3,0,0,0,0,0,9,1,Derby
1711463,2015300017177,432770.0,328800.0,-1.514777,52.855702,30,3,2,1,2015-12-16,4,17:45,328,E10000007,3,5132,6,50,3,4,6,0,0,0,6,1,2,0,0,2,1,E01019873,201214A144812,1,1,3,1,22,5,3,5,1,0,0,0,0,1,South Derbyshire
1711464,2015300017186,403680.0,386820.0,-1.946146,53.378221,30,3,2,1,2015-12-17,5,15:36,325,E10000007,3,624,6,40,3,4,3,6015,0,0,4,1,1,0,0,2,1,E01019734,201214A145012,1,1,1,1,36,7,3,0,0,0,0,0,9,1,High Peak
1711465,2015300017187,438100.0,335790.0,-1.434809,52.918185,30,3,3,1,2015-12-17,5,15:20,323,E06000015,3,52,3,70,0,-1,-1,0,0,0,1,1,2,0,0,1,1,E01013509,201214A145012,1,2,2,1,36,7,3,0,0,2,0,0,9,1,Derby
1711466,2015300017191,417110.0,351770.0,-1.746134,53.062905,30,2,3,2,2015-12-16,4,10:02,329,E10000007,3,515,6,50,6,4,6,0,0,0,1,1,1,0,0,2,1,E01019611,201214A145012,1,3,2,1,33,6,3,0,0,1,0,0,9,1,Derbyshire Dales
1711467,2015300017193,436430.0,332010.0,-1.460067,52.884322,30,2,2,1,2015-12-18,6,05:52,323,E06000015,5,167,1,30,2,4,5,67,0,0,7,1,2,0,0,2,1,E01013517,201214A145112,1,1,1,1,22,5,3,0,0,0,0,0,9,1,Derby
1711468,2015300017194,428680.0,320930.0,-1.576204,52.78519,30,3,2,1,2015-12-17,5,08:25,328,E10000007,4,5353,6,30,0,-1,-1,0,0,0,1,1,2,0,0,1,2,E01019861,201214A145112,1,2,2,2,21,5,3,0,0,1,0,0,9,1,South Derbyshire
1711469,2015300017196,404170.0,397170.0,-1.938647,53.471249,30,2,2,2,2015-12-18,6,08:00,325,E10000007,4,6105,6,50,0,-1,-1,0,0,0,1,1,1,0,0,2,1,E01019754,201214A145312,2,1,1,1,78,11,3,0,0,0,0,0,90,1,High Peak
1711470,2015300017199,434700.0,336390.0,-1.485309,52.923808,30,3,2,1,2015-12-17,5,19:10,323,E06000015,3,52,6,30,8,4,6,0,0,0,4,1,2,0,0,1,2,E01013479,201214A145612,1,1,1,1,40,7,3,0,0,0,0,0,9,1,Derby
1711471,2015300017200,434560.0,335020.0,-1.487536,52.911502,30,3,2,1,2015-12-17,5,12:36,323,E06000015,6,0,6,30,0,-1,-1,0,0,0,1,1,1,0,0,1,2,E01013483,201214A145612,1,2,2,2,30,6,3,0,0,1,0,0,9,-1,Derby
1711472,2015300017201,433050.0,333430.0,-1.51015,52.897304,30,3,2,1,2015-12-18,6,20:02,323,E06000015,5,171,6,30,6,4,6,0,0,0,1,8,2,0,0,1,1,E01013489,201214A145812,1,1,2,2,-1,-1,3,0,0,1,0,0,9,1,Derby
1711473,2015300017202,416510.0,360390.0,-1.754647,53.140408,30,3,2,1,2015-12-17,5,21:42,329,E10000007,3,515,6,50,0,-1,-1,0,0,0,6,1,1,0,0,2,1,E01019611,201214A145812,1,2,2,2,10,2,3,0,0,2,0,0,9,1,Derbyshire Dales
1711474,2015300017203,438780.0,345860.0,-1.423494,53.008653,30,3,2,1,2015-12-18,6,22:15,320,E10000007,5,87,6,30,3,4,6,0,0,0,4,1,2,0,0,2,1,E01019446,201214A146112,1,1,1,2,50,8,2,0,0,0,0,0,90,1,Amber Valley
1711478,2015300017212,399740.0,384560.0,-2.00537,53.357919,30,3,3,1,2015-12-18,6,13:40,325,E10000007,3,6,6,30,3,4,6,0,0,0,1,2,2,0,0,1,1,E01019748,201214A146112,1,5,2,2,27,6,3,0,0,0,0,0,90,1,High Peak
1711479,2015300017213,440080.0,332430.0,-1.405777,52.887839,30,3,2,1,2015-12-17,5,16:34,328,E10000007,3,6,3,70,0,-1,-1,0,0,0,4,1,1,0,0,2,1,E01019832,201214A146212,2,1,1,1,15,3,3,0,0,0,0,0,1,1,Derby
1711485,2015300017229,444610.0,370980.0,-1.333129,53.233988,30,3,2,1,2015-12-18,6,08:13,327,E10000007,1,1,3,70,0,-1,-1,0,0,0,1,1,2,4,2,2,1,E01019822,201214A147112,2,2,1,1,48,8,3,0,0,0,0,0,9,1,Chesterfield
1711496,2015300017255,445200.0,366990.0,-1.324854,53.198076,30,3,2,1,2015-12-18,6,20:30,327,E10000007,3,617,3,70,1,4,3,617,0,0,7,2,2,0,0,2,2,E01019799,201214A148312,1,1,1,1,80,11,3,0,0,0,0,0,9,1,North East Derbyshire
1711532,2015300017345,441650.0,334340.0,-1.382201,52.904888,30,2,2,1,2015-12-17,5,01:32,324,E10000007,4,5010,6,30,3,4,6,0,0,0,4,1,1,0,0,1,1,E01019685,201214A154112,1,2,2,1,28,6,3,0,0,1,0,0,9,1,Erewash
1711546,2015300017417,448720.0,333920.0,-1.277157,52.90052,30,2,1,1,2015-12-16,4,14:30,324,E10000007,6,0,6,30,3,4,3,6005,0,4,1,1,1,0,0,1,2,E01019647,201214A157012,2,1,1,1,11,3,2,0,0,0,0,0,1,3,Erewash
1711551,2015300017536,435240.0,334400.0,-1.477492,52.905885,30,3,2,1,2015-12-17,5,15:30,323,E06000015,5,86,3,30,6,4,6,0,0,0,1,2,2,0,0,1,1,E01013567,201214A157712,1,1,1,1,22,5,3,0,0,0,0,0,3,1,Derby
1711552,2015300017571,441400.0,371020.0,-1.381212,53.234607,30,3,2,1,2015-12-18,6,12:30,327,E10000007,3,632,6,30,2,4,5,12,0,0,1,1,2,0,0,1,1,E01019821,201214A157812,2,1,1,1,22,5,2,0,0,0,0,0,3,2,North East Derbyshire
1711554,2015300017780,446400.0,342370.0,-1.310438,52.976679,30,3,2,2,2015-12-17,5,16:35,324,E10000007,5,337,6,30,3,4,4,6007,0,0,4,2,2,0,0,1,1,E01019672,201214A158412,1,1,1,2,19,4,3,0,0,0,0,0,9,1,Erewash
1712031,201531A271515,453993.0,359426.0,-1.194518,53.129272,31,3,2,1,2015-12-16,4,17:02,344,E10000024,3,60,6,30,8,4,6,0,0,0,4,1,1,0,0,1,1,E01028222,201214B045312,1,1,1,2,32,6,3,0,0,0,0,0,9,1,Mansfield
1712040,201531A274615,454052.0,360990.0,-1.193373,53.143324,31,3,3,1,2015-12-18,6,13:45,344,E10000024,6,0,2,30,0,-1,-1,0,0,1,1,1,1,0,0,1,2,E01028269,201214B046412,1,1,3,1,47,8,3,6,9,0,0,0,0,1,Mansfield
1712043,201531A275815,452785.0,356861.0,-1.212991,53.106338,31,3,3,1,2015-12-17,5,16:30,340,E10000024,4,6139,6,60,6,2,3,611,0,0,4,2,2,0,0,2,2,E01027973,201214B046712,2,2,1,2,27,6,3,0,0,0,0,0,9,1,Ashfield
1712045,201531A276115,449685.0,359103.0,-1.258946,53.126787,31,3,1,1,2015-12-15,3,01:42,340,E10000024,6,0,1,30,1,4,6,0,0,4,4,2,2,0,0,1,1,E01027965,201214B048012,1,2,2,1,24,5,3,0,0,2,0,0,9,1,Ashfield
1712052,201531A279415,453272.0,348818.0,-1.207046,53.033998,31,3,2,1,2015-12-15,3,08:05,340,E10000024,4,6009,6,30,3,4,6,0,0,0,1,1,2,0,0,1,2,E01027927,201214B049512,3,3,1,2,31,6,2,0,0,0,0,0,9,1,Ashfield
1712058,201531A284815,453923.0,362493.0,-1.195049,53.156846,31,2,2,1,2015-12-17,5,14:14,344,E10000024,6,0,6,30,0,-1,-1,0,0,0,1,2,2,0,0,1,2,E01028271,201214B050912,2,1,1,1,28,6,3,0,0,0,0,0,1,1,Mansfield
1712060,201531A286415,454881.0,363800.0,-1.1805,53.168495,31,3,1,1,2015-12-17,5,10:55,344,E10000024,3,60,6,30,6,2,3,6075,0,5,1,1,1,0,0,1,1,E01028250,201214B051212,2,1,1,1,60,9,2,0,0,0,0,0,3,2,Mansfield
1712066,201531A291315,450828.0,364031.0,-1.241086,53.170973,31,3,2,1,2015-12-18,6,16:30,344,E10000024,3,617,6,30,0,-1,-1,0,0,0,4,2,2,0,0,1,1,E01033392,201214B052512,1,1,3,1,6,2,3,5,1,0,0,0,0,1,Mansfield
1712068,201531A292315,452447.0,362483.0,-1.217121,53.156903,31,3,2,2,2015-12-15,3,20:30,344,E10000024,3,6075,6,30,6,2,3,6191,0,5,4,1,2,0,0,1,1,E01028228,201214B052812,2,1,1,1,41,7,3,0,0,0,0,0,9,3,Mansfield
1712635,201531B270615,471148.0,379997.0,-0.933594,53.31214,31,3,2,1,2015-12-16,4,17:06,341,E10000024,3,638,6,30,6,4,6,0,0,0,7,1,1,0,0,1,1,E01028010,201214C028812,1,1,2,2,32,6,3,0,0,0,0,0,90,1,Bassetlaw
1712639,201531B272315,479307.0,367523.0,-0.814266,53.198881,31,3,1,2,2015-12-18,6,04:45,345,E10000024,6,0,6,60,3,4,6,0,0,0,6,2,2,7,0,2,1,E01028349,201214C029512,1,1,3,1,12,3,3,5,3,0,0,0,0,1,Newark and Sherwood
1712640,201531B272915,482548.0,349652.0,-0.770352,53.037783,31,3,2,2,2015-12-18,6,06:30,345,E10000024,4,6326,6,60,3,3,6,0,0,0,6,1,1,0,0,2,1,E01033393,201214C029712,1,1,1,1,32,6,3,0,0,0,0,0,3,1,Newark and Sherwood
1712649,201531B278215,457835.0,378244.0,-1.133701,53.298003,31,3,3,1,2015-12-18,6,16:40,341,E10000024,3,57,6,60,0,-1,-1,0,0,0,6,1,2,0,0,2,1,E01028063,201214C031012,1,1,1,1,17,4,2,0,0,0,0,0,3,1,Bassetlaw
1712657,201531B284715,461143.0,353861.0,-1.088731,53.078484,31,3,3,3,2015-12-15,3,08:45,345,E10000024,3,614,6,60,6,4,6,0,0,0,1,5,2,0,0,2,1,E01028327,201214C032312,1,1,2,1,30,6,3,0,0,1,0,0,9,1,Gedling
1712659,201531B285915,475444.0,348887.0,-0.876455,53.031956,31,3,2,1,2015-12-15,3,16:44,345,E10000024,3,46,3,70,0,-1,-1,0,0,0,6,1,2,0,0,2,1,E01028325,201214C032612,1,1,1,1,41,7,3,0,0,0,0,0,9,1,Newark and Sherwood
1712663,201531B288715,482549.0,349648.0,-0.770338,53.037747,31,3,2,1,2015-12-17,5,04:50,345,E10000024,4,6326,6,60,3,4,6,0,0,0,6,1,2,0,0,2,1,E01033393,201214C032612,2,5,2,1,17,4,3,0,0,0,0,0,19,1,Newark and Sherwood
1713551,201531C269615,454768.0,340092.0,-1.186215,52.955416,31,2,1,1,2015-12-15,3,15:30,346,E06000018,3,609,6,30,3,2,6,0,0,0,1,1,1,0,0,1,1,E01013974,201214K048312,1,1,1,1,19,4,3,0,0,0,0,0,1,1,City of Nottingham
1713555,201531C270415,454602.0,346947.0,-1.187531,53.017047,31,3,1,1,2015-12-15,3,08:10,346,E06000018,3,611,6,30,3,4,6,0,0,8,1,5,2,0,0,1,1,E01013879,201214K049212,1,1,3,2,60,9,3,5,9,0,0,0,0,1,City of Nottingham
1713557,201531C270815,454914.0,341419.0,-1.183817,52.967328,31,3,2,1,2015-12-17,5,13:28,346,E06000018,3,610,6,30,3,2,4,690,0,5,1,1,2,0,0,1,1,E01013931,201214K049512,1,1,1,2,25,5,3,0,0,0,0,0,9,1,City of Nottingham
1713558,201531C270915,451714.0,339062.0,-1.231834,52.94646,31,3,1,1,2015-12-16,4,13:15,346,E06000018,6,0,6,30,9,4,6,0,0,4,1,1,1,0,0,1,1,E01013984,201214K049612,1,1,2,1,82,11,3,0,0,0,3,0,11,1,City of Nottingham
1713561,201531C272215,454914.0,341426.0,-1.183816,52.967391,31,3,2,1,2015-12-17,5,13:22,346,E06000018,3,610,6,30,6,2,6,0,0,5,1,4,1,0,0,1,1,E01013931,201214K049912,1,2,3,1,12,3,3,10,1,0,0,0,0,1,City of Nottingham
1713563,201531C273515,456797.0,342266.0,-1.155636,52.974746,31,3,2,1,2015-12-15,3,22:46,346,E06000018,3,611,6,30,3,4,6,0,0,0,4,2,2,0,0,1,1,E01013972,201214K050612,1,3,2,2,14,3,3,0,0,1,0,0,9,1,City of Nottingham
1713565,201531C274815,454919.0,341406.0,-1.183745,52.967211,31,3,2,2,2015-12-16,4,20:15,346,E06000018,3,610,6,30,6,2,4,690,0,5,4,1,2,0,0,1,1,E01013931,201214K050612,2,4,2,2,51,8,2,0,0,1,0,0,9,1,City of Nottingham
1713575,201531C279015,456592.0,346028.0,-1.158031,53.008581,31,3,2,2,2015-12-17,5,12:05,346,E06000018,6,0,6,30,0,-1,-1,0,0,8,1,9,-1,0,0,1,2,E01013852,201214K051912,2,2,1,1,26,6,3,0,0,0,0,0,9,1,City of Nottingham