,Accident_Index_x,Location_Easting_OSGR,Location_Northing_OSGR,Longitude,Latitude,Police_Force,Accident_Severity,Number_of_Vehicles,Number_of_Casualties,Date,Day_of_Week,Time,Local_Authority_(District),Local_Authority_(Highway),1st_Road_Class,1st_Road_Number,Road_Type,Speed_limit,Junction_Detail,Junction_Control,2nd_Road_Class,2nd_Road_Number,Pedestrian_Crossing-Human_Control,Pedestrian_Crossing-Physical_Facilities,Light_Conditions,Weather_Conditions,Road_Surface_Conditions,Special_Conditions_at_Site,Carriageway_Hazards,Urban_or_Rural_Area,Did_Police_Officer_Attend_Scene_of_Accident,LSOA_of_Accident_Location,Accident_Index_y,Vehicle_Reference,Casualty_Reference,Casualty_Class,Sex_of_Casualty,Age_of_Casualty,Age_Band_of_Casualty,Casualty_Severity,Pedestrian_Location,Pedestrian_Movement,Car_Passenger,Bus_or_Coach_Passenger,Pedestrian_Road_Maintenance_Worker,Casualty_Type,Casualty_Home_Area_Type,city
1713582,201531C280715,454453.0,338843.0,-1.191113,52.944221,31,3,2,1,2015-12-17,5,08:35,346,E06000018,3,6200,1,30,1,2,3,52,0,5,1,1,1,0,0,1,2,E01013975,201214K053412,2,1,1,1,30,6,3,0,0,0,0,0,9,1,City of Nottingham
1713597,201531C284015,457522.0,341064.0,-1.145054,52.963865,31,2,1,3,2015-12-15,3,09:19,346,E06000018,4,684,6,30,0,-1,-1,0,0,8,1,2,2,0,0,1,1,E01013958,201214K056612,1,1,1,1,42,7,3,0,0,0,0,0,9,1,City of Nottingham
1713598,201531C284115,454614.0,338916.0,-1.188705,52.944861,31,3,2,1,2015-12-17,5,16:16,346,E06000018,3,6200,6,30,0,-1,-1,0,0,4,4,1,2,0,0,1,1,E01033410,201214K056612,1,2,2,1,34,6,3,0,0,1,0,0,9,2,City of Nottingham
1713599,201531C284215,455084.0,345403.0,-1.180609,53.00312,31,3,2,1,2015-12-17,5,19:45,346,E06000018,3,611,6,40,0,-1,-1,0,0,0,4,1,1,0,0,1,1,E01013893,201214K056912,1,1,1,2,49,8,3,0,0,0,0,0,9,1,City of Nottingham
1713610,201531C287115,455706.0,340142.0,-1.172245,52.955769,31,3,3,1,2015-12-16,4,08:22,346,E06000018,3,609,6,30,3,4,6,0,0,4,1,1,2,0,0,1,2,E01033404,201214K059312,1,1,3,2,15,3,3,6,9,0,0,0,0,1,City of Nottingham
1713617,201531C289715,456580.0,340163.0,-1.159234,52.955866,31,3,2,1,2015-12-18,6,11:17,346,E06000018,3,610,2,30,0,-1,-1,0,0,0,1,1,1,0,0,1,1,E01013816,201214K060512,1,1,1,2,27,6,3,0,0,0,0,0,9,1,City of Nottingham
1713622,201531C291515,456883.0,339791.0,-1.154789,52.952491,31,2,4,2,2015-12-15,3,14:45,346,E06000018,6,0,6,30,3,4,6,0,0,0,1,1,2,0,0,1,1,E01032522,201214K062412,2,1,1,2,38,7,3,0,0,0,0,0,9,1,City of Nottingham
1713623,201531C291615,457856.0,339350.0,-1.140387,52.948423,31,3,1,1,2015-12-18,6,16:00,346,E06000018,3,60,6,30,0,-1,-1,0,0,5,4,1,1,0,0,1,2,E01033402,201214K062412,2,3,2,2,9,2,3,0,0,1,0,0,9,1,City of Nottingham
1714233,201531D269815,452652.0,338216.0,-1.218013,52.938765,31,2,1,1,2015-12-16,4,16:44,342,E10000024,3,52,3,40,3,4,6,0,0,4,4,1,1,0,0,1,1,E01028077,201214K183312,2,1,1,1,21,5,2,0,0,0,0,0,3,1,
1714236,201531D271615,459307.0,343431.0,-1.118049,52.984945,31,3,3,1,2015-12-15,3,08:17,343,E10000024,6,0,6,30,0,-1,-1,0,0,0,1,2,2,0,0,1,1,E01028193,201214K183512,1,3,2,2,27,6,3,0,0,1,0,0,9,1,Gedling
1714238,201531D272615,460373.0,337506.0,-1.103275,52.931572,31,3,3,2,2015-12-17,5,15:03,347,E10000024,3,6011,3,30,3,4,6,0,0,0,1,2,2,0,0,2,1,E01028376,201214K183512,2,2,1,2,81,11,3,0,0,0,0,0,9,1,Rushcliffe
1714242,201531D275415,461884.0,342022.0,-1.079938,52.971991,31,3,2,1,2015-12-16,4,10:00,343,E10000024,6,0,6,30,0,-1,-1,0,0,0,1,1,1,0,0,1,1,E01028170,201214K184012,1,2,2,2,21,5,3,0,0,2,0,0,9,1,Gedling
1714245,201531D277115,460342.0,344937.0,-1.102354,52.998366,31,2,2,1,2015-12-16,4,14:30,343,E10000024,6,0,1,30,2,4,4,684,0,8,1,9,-1,0,0,1,2,E01028178,201214K184712,1,1,3,2,40,7,3,5,1,0,0,0,0,1,Gedling
1714248,201531D277915,453434.0,324830.0,-1.208571,52.818368,31,3,1,1,2015-12-16,4,17:00,347,E10000024,3,6006,6,60,0,-1,-1,0,0,0,6,1,2,0,0,2,1,E01028410,201214K185012,1,2,2,2,50,8,3,0,0,0,3,0,11,1,Rushcliffe
1714249,201531D278415,455559.0,324970.0,-1.177019,52.819412,31,3,2,2,2015-12-15,3,16:21,347,E10000024,6,0,6,60,6,3,6,0,0,0,6,2,2,0,0,2,1,E01028389,201214K185112,1,1,3,1,45,7,3,9,6,0,0,0,0,1,Rushcliffe
1714263,201531D283315,459064.0,342398.0,-1.121856,52.975688,31,3,2,1,2015-12-16,4,19:00,343,E10000024,6,0,6,30,3,4,6,0,0,0,4,1,1,0,0,1,2,E01028195,201214K187612,2,1,1,2,56,9,3,0,0,0,0,0,9,1,Gedling
1714267,201531D284915,465687.0,332647.0,-1.025211,52.887277,31,3,1,1,2015-12-18,6,19:08,347,E10000024,3,46,3,70,0,-1,-1,0,0,0,6,1,1,0,0,2,1,E01028367,201214K188012,2,2,1,1,16,4,3,0,0,0,0,0,2,2,Rushcliffe
1714268,201531D285215,459461.0,342113.0,-1.115997,52.973082,31,3,3,2,2015-12-17,5,13:13,343,E10000024,6,0,6,30,6,4,6,0,0,0,1,1,2,0,0,1,1,E01028163,201214K188812,1,1,1,1,23,5,3,0,0,0,0,0,9,1,Gedling
1714286,201531D293315,452508.0,336418.0,-1.220445,52.922618,31,2,2,1,2015-12-17,5,14:33,342,E10000024,4,6464,6,30,0,-1,-1,0,0,0,1,1,1,0,0,1,1,E01028086,201214K192712,1,1,3,1,32,6,2,9,9,0,0,0,0,1,Broxtowe
1716360,2015320137189,547231.0,321036.0,0.180764,52.766858,32,3,2,1,2015-12-15,3,15:45,354,E10000019,3,17,6,60,3,4,6,736,0,0,4,2,2,0,0,2,1,E01026279,2012160B04221,1,2,2,1,23,5,3,0,0,0,3,0,11,1,South Holland
1716361,2015320137250,530656.0,338622.0,-0.057702,52.929115,32,3,2,2,2015-12-15,3,16:17,350,E10000019,4,1397,6,30,6,4,4,1397,0,0,4,2,2,0,0,2,1,E01026020,2012160B04231,2,1,1,1,32,6,2,0,0,0,0,0,1,1,Boston
1716362,2015320137300,517530.0,322774.0,-0.258581,52.789748,32,3,2,1,2015-12-15,3,22:14,354,E10000019,3,151,6,60,0,-1,-1,0,0,0,6,2,2,0,0,2,1,E01026259,2012160B04241,1,1,1,2,23,5,3,0,0,0,0,0,9,3,South Holland
1716366,2015320137766,492606.0,365656.0,-0.615785,53.179957,32,3,2,2,2015-12-16,4,17:00,353,E10000019,3,1434,6,40,0,-1,-1,0,0,0,4,1,1,0,0,1,1,E01032994,2012160B04251,2,2,1,1,62,9,3,0,0,0,0,0,9,1,North Kesteven
1716369,2015320138135,501702.0,370748.0,-0.478111,53.224054,32,3,2,1,2015-12-17,5,09:29,353,E10000019,4,1190,1,30,1,4,6,250,0,0,1,1,1,0,0,2,1,E01026203,2012160B04271,1,1,1,1,21,5,3,0,0,0,0,0,1,1,North Kesteven
1716370,2015320138269,527307.0,345796.0,-0.104677,52.994372,32,2,3,2,2015-12-17,5,18:07,350,E10000019,4,1192,6,60,0,-1,-1,0,0,0,4,1,2,0,0,2,1,E01026033,2012160B04281,1,1,1,2,25,5,3,0,0,0,0,0,9,1,Boston
1716371,2015320138325,514536.0,311858.0,-0.306764,52.692304,32,3,2,1,2015-12-17,5,16:30,355,E10000019,3,1175,6,60,3,4,6,434,0,0,6,2,2,0,0,2,1,E01026336,2012160B04291,1,1,3,1,62,9,3,4,2,0,0,0,0,1,South Kesteven
1716372,2015320138359,505837.0,401805.0,-0.405818,53.502299,32,3,2,1,2015-12-17,5,16:30,356,E10000019,4,1434,6,60,3,4,5,428,0,0,6,1,2,0,0,2,1,E01026387,2012160B04301,2,1,1,1,16,4,3,0,0,0,0,0,2,1,West Lindsey
1716373,2015320138778,525000.0,389202.0,-0.122065,53.384878,32,2,2,2,2015-12-16,4,08:30,351,E10000019,3,631,6,60,0,-1,-1,0,0,0,1,1,2,6,0,2,1,E01026045,2012160B04321,1,1,3,2,11,3,2,5,4,0,0,0,0,1,East Lindsey
1716375,2015320138964,530591.0,345318.0,-0.055971,52.989288,32,3,1,2,2015-12-18,6,22:12,350,E10000019,5,763,6,30,0,-1,-1,0,0,0,6,8,2,7,0,2,1,E01026011,2012160B04341,2,1,1,1,53,8,3,0,0,0,0,0,1,1,Boston
1716376,2015320139262,506744.0,359967.0,-0.406215,53.126194,32,3,2,1,2015-12-18,6,17:00,353,E10000019,4,1188,6,50,0,-1,-1,0,0,0,6,1,2,0,0,2,2,E01026210,2012160B04351,1,1,1,1,43,7,3,0,0,0,0,0,9,2,North Kesteven
1716379,2015320139371,532448.0,342910.0,-0.029309,52.9672,32,3,2,1,2015-12-17,5,12:53,350,E10000019,6,0,6,30,3,4,6,0,0,0,1,1,1,0,0,1,2,E01026006,2012160B04371,1,1,1,1,37,7,3,0,0,0,0,0,9,1,Boston
1716390,2015320140463,496216.0,337886.0,-0.570072,52.929769,32,3,1,2,2015-12-15,3,16:03,355,E10000019,4,6403,6,60,3,4,5,315,0,0,6,7,2,0,0,2,1,E01026332,2012160B04461,1,1,1,1,42,7,2,0,0,0,0,0,4,3,South Kesteven
1716391,2015320140505,497930.0,370530.0,-0.534656,53.222803,32,3,1,1,2015-12-16,4,17:46,352,E10000019,3,15,6,30,3,4,6,0,0,0,4,1,1,0,0,1,1,E01026176,2012160B04481,1,1,1,2,21,5,3,0,0,0,0,0,9,1,Lincoln
1716400,2015320140930,532075.0,343748.0,-0.034518,52.97482,32,3,2,1,2015-12-15,3,14:30,350,E10000019,6,0,6,30,0,-1,-1,0,0,0,1,9,-1,0,0,1,1,E01026030,2012160B04561,2,2,3,2,44,7,3,9,5,0,0,0,0,3,Boston
1716410,2015320141496,492302.0,372970.0,-0.618219,53.245735,32,3,2,1,2015-12-17,5,11:30,353,E10000019,5,108,6,40,0,-1,-1,0,0,0,1,1,1,0,0,2,1,E01026225,2012160B04681,2,1,1,1,57,9,3,0,0,0,0,0,9,3,North Kesteven
1716430,2015320143633,497223.0,370021.0,-0.545397,53.218358,32,3,2,1,2015-12-15,3,11:55,352,E10000019,4,1262,3,30,3,4,6,978,0,0,1,1,1,0,0,1,2,E01026134,2012160B04831,2,2,1,1,47,8,3,0,0,0,0,0,19,2,Lincoln
1718180,2015331501909,495760.0,301275.0,-0.58754,52.600836,33,1,2,1,2015-12-15,3,09:38,368,E06000017,3,47,6,60,0,-1,-1,0,0,0,1,7,2,0,0,2,1,E01013792,2012160D04441,2,1,1,2,38,7,3,0,0,0,0,0,9,1,
1718277,2015331502012,458535.0,303993.0,-1.136596,52.630545,33,3,2,1,2015-12-15,3,15:45,364,E06000016,3,594,2,30,3,2,5,2545,0,5,4,1,2,0,0,1,2,E01032868,2012160D05271,2,1,2,2,66,10,3,0,0,0,4,0,11,1,Leicester
1718278,2015331502013,457110.0,304235.0,-1.157606,52.632871,33,3,1,1,2015-12-15,3,15:20,364,E06000016,6,3013,6,30,3,2,3,47,0,5,1,1,2,0,0,1,2,E01013782,2012160D05281,2,1,2,2,45,7,3,0,0,2,0,0,9,1,Leicester
1718293,2015331502028,461735.0,311151.0,-1.087985,52.694531,33,3,2,1,2015-12-16,4,16:39,362,E10000018,5,3307,1,30,1,4,5,3306,0,8,4,1,1,0,0,1,2,E01025758,2012160D05391,2,2,1,1,74,10,3,0,0,0,0,0,9,2,Charnwood
1718302,2015331502037,454843.0,304243.0,-1.191097,52.633177,33,3,2,1,2015-12-17,5,16:16,364,E06000016,6,2194,6,30,3,4,6,1592,0,0,4,9,2,0,0,1,2,E01013729,2012160D05481,1,1,1,2,24,5,3,0,0,0,0,0,1,1,Leicester
1718315,2015331502050,478329.0,300261.0,-0.845084,52.594511,33,3,2,2,2015-12-16,4,17:26,363,E10000018,3,47,6,60,3,4,5,6403,0,0,6,1,2,0,0,2,1,E01025815,2012160D05571,1,1,1,2,34,6,3,0,0,0,0,0,9,3,Harborough
1718319,2015331502054,453854.0,319436.0,-1.203226,52.769842,33,3,2,1,2015-12-15,3,08:55,362,E10000018,3,6,6,30,6,2,4,5350,0,5,1,1,2,0,0,1,2,E01025718,2012160D05601,1,2,2,1,28,6,3,0,0,1,0,0,9,1,Charnwood
1718322,2015331502057,449781.0,316723.0,-1.264,52.745845,33,2,3,2,2015-12-16,4,06:51,362,E10000018,5,3210,6,60,0,-1,-1,0,0,0,6,2,2,0,0,2,1,E01025710,2012160D05631,2,1,1,1,56,9,3,0,0,0,0,0,1,1,Charnwood
1718323,2015331502058,487777.0,305250.0,-0.70432,52.637907,33,3,2,1,2015-12-17,5,13:48,368,E06000017,3,6003,6,50,0,-1,-1,0,0,0,1,1,1,0,0,2,1,E01013795,2012160D05641,2,1,1,2,58,9,3,0,0,0,0,0,1,1,
1718327,2015331502063,441831.0,313177.0,-1.382211,52.714642,33,3,3,2,2015-12-16,4,18:45,366,E10000018,5,7110,6,30,3,4,6,6863,0,0,4,8,2,0,0,1,2,E01025959,2012160D05671,2,2,1,1,19,4,3,0,0,0,0,0,19,1,North West Leicestershire
1718331,2015331502067,446859.0,296072.0,-1.310209,52.560473,33,3,3,1,2015-12-17,5,19:05,360,E10000018,4,581,6,40,0,-1,-1,0,0,0,4,2,2,0,0,1,2,E01025621,2012160D05721,2,1,1,1,35,6,3,0,0,0,0,0,3,1,
1718333,2015331502069,446755.0,319404.0,-1.308441,52.770214,33,2,1,1,2015-12-16,4,21:30,362,E10000018,6,8758,6,60,0,-1,-1,0,0,0,6,1,2,0,0,2,1,E01025746,2012160D05741,1,1,3,1,5,1,2,8,4,0,0,0,0,1,Charnwood
1718342,2015331502078,434289.0,312273.0,-1.493945,52.707044,33,2,2,1,2015-12-15,3,08:11,366,E10000018,5,7117,6,60,0,-1,-1,0,0,0,1,2,2,6,0,2,1,E01025948,2012160D05791,2,3,2,2,21,5,3,0,0,1,0,0,9,1,North West Leicestershire
1718349,2015331502086,454852.0,305549.0,-1.190747,52.644915,33,3,2,1,2015-12-18,6,16:13,360,E10000018,6,1452,6,30,6,4,6,3225,0,0,4,8,2,0,0,1,1,E01032603,2012160D05841,1,1,1,1,34,6,3,0,0,0,0,0,1,1,
1718354,2015331502092,455125.0,300932.0,-1.187481,52.603386,33,3,2,2,2015-12-15,3,17:05,360,E10000018,3,563,3,30,0,-1,-1,0,0,0,4,2,2,0,0,1,1,E01025637,2012160D05871,2,2,1,1,68,10,3,0,0,0,0,0,9,1,
1718373,2015331502112,457515.0,308080.0,-1.150953,52.66739,33,3,2,1,2015-12-15,3,08:00,364,E06000016,6,1288,6,30,0,-1,-1,0,0,0,1,2,2,0,0,1,1,E01013600,2012160D05991,2,1,2,2,38,7,3,0,0,1,0,0,9,1,Leicester
1718374,2015331502113,463534.0,306378.0,-1.062289,52.651421,33,3,2,1,2015-12-18,6,14:40,364,E06000016,6,2586,6,30,0,-1,-1,0,0,0,1,1,2,0,0,1,1,E01013694,2012160D06001,2,1,1,1,53,8,3,0,0,0,0,0,1,1,Leicester
1718375,2015331502114,452780.0,304715.0,-1.2215,52.637623,33,3,1,1,2015-12-15,3,09:00,360,E10000018,1,1,7,70,5,4,1,1,0,0,1,2,2,6,0,2,1,E01025639,2012160D06011,1,1,3,2,53,8,2,1,1,0,0,0,0,1,
1718381,2015331502120,460482.0,306727.0,-1.107333,52.654906,33,3,2,2,2015-12-18,6,21:40,364,E06000016,5,1780,6,30,3,4,6,913,0,4,4,2,2,0,0,1,1,E01013624,2012160D06041,3,2,2,2,27,6,3,0,0,1,0,0,9,1,Leicester
1718384,2015331502123,458562.0,301879.0,-1.136571,52.61154,33,2,2,1,2015-12-18,6,05:37,364,E06000016,4,5366,6,30,6,4,6,53,0,4,4,1,1,0,0,1,1,E01013688,2012160D06061,2,2,1,1,54,8,3,0,0,0,0,0,19,1,Leicester
1718387,2015331502126,449678.0,316465.0,-1.265565,52.743535,33,3,2,1,2015-12-16,4,07:00,366,E10000018,5,3210,6,60,0,-1,-1,0,0,0,6,2,2,6,0,2,1,E01025934,2012160D06111,2,1,1,1,46,8,2,0,0,0,0,0,1,1,Charnwood
1718392,2015331502131,451387.0,313183.0,-1.240765,52.713875,33,3,2,1,2015-12-17,5,22:00,362,E10000018,6,5105,6,60,3,4,5,5201,0,0,6,1,2,0,0,2,1,E01025687,2012160D06161,2,2,1,1,48,8,3,0,0,0,0,0,19,1,Charnwood
1718405,2015331502146,459357.0,303958.0,-1.124459,52.630141,33,3,4,1,2015-12-18,6,08:20,364,E06000016,3,6,6,30,3,4,6,2493,0,0,1,1,2,0,0,1,1,E01013646,2012160D06281,2,1,1,1,26,6,3,0,0,0,0,0,1,1,Leicester
1718421,2015331502166,458414.0,306583.0,-1.137926,52.653838,33,2,1,1,2015-12-17,5,18:30,364,E06000016,3,6,3,30,0,-1,-1,0,0,0,4,1,1,0,0,1,2,E01013605,2012160D06401,1,4,2,2,3,1,3,0,0,2,0,0,9,1,Leicester
1718677,2015331505804,452449.0,300363.0,-1.22708,52.598536,33,3,3,1,2015-12-15,3,18:15,360,E10000018,4,582,6,40,0,-1,-1,0,0,0,6,5,2,0,0,2,1,E01025626,2012160D08751,2,1,1,1,64,9,3,0,0,0,0,0,9,1,
1718678,2015331505806,442985.0,315145.0,-1.364873,52.732242,33,3,2,3,2015-12-17,5,17:39,366,E10000018,5,7211,6,30,0,-1,-1,0,0,0,7,1,1,0,0,1,1,E01025969,2012160D08751,2,2,2,2,57,9,3,0,0,1,0,0,9,1,North West Leicestershire
1718680,2015331505808,454020.0,303655.0,-1.203352,52.627974,33,3,1,1,2015-12-17,5,18:30,360,E10000018,4,5380,6,30,0,-1,-1,0,0,0,7,1,1,0,0,1,1,E01025633,2012160D08761,1,1,1,2,46,8,3,0,0,0,0,0,9,2,
1718775,201534NC32845,488013.0,290838.0,-0.704656,52.508341,34,3,2,1,2015-12-17,5,16:08,380,E10000021,3,6116,1,30,1,4,6,5085,0,0,4,2,2,0,0,1,1,E01026982,2012170H10652,1,1,1,1,18,4,2,0,0,0,0,0,9,1,
1719034,201534NK32545,489654.0,276087.0,-0.684439,52.375497,34,3,2,1,2015-12-15,3,09:00,383,E10000021,3,14,1,60,1,4,3,6,0,0,1,2,2,0,0,2,1,E01027086,2012170L20912,2,1,1,1,20,4,2,0,0,0,0,0,3,2,
1719035,201534NK32775,487532.0,277981.0,-0.715108,52.392863,34,3,2,1,2015-12-16,4,20:30,383,E10000021,6,7058,6,30,3,4,6,7045,0,0,4,1,1,0,0,1,3,E01027099,2012170L20992,2,1,2,2,17,4,3,0,0,1,0,0,9,1,
1719167,201534NW32555,488024.0,267346.0,-0.710663,52.297198,34,3,2,1,2015-12-15,3,16:40,386,E10000021,3,5128,6,30,3,4,6,9426,0,0,4,2,2,0,0,1,1,E01027351,2012170L32012,1,1,3,1,44,7,3,5,1,0,0,0,0,2,
1719168,201534NW32865,484745.0,262724.0,-0.759893,52.25617,34,3,1,1,2015-12-18,6,03:45,386,E10000021,4,573,1,60,1,4,4,573,0,0,7,2,2,0,0,2,1,E01027325,2012170L32082,2,1,2,1,21,5,3,0,0,1,0,0,9,1,
1719234,201534TM33175,457687.0,273139.0,-1.154458,52.35329,34,2,3,1,2015-12-16,4,07:15,381,E10000021,1,1,3,60,0,-1,-1,0,0,0,1,1,1,0,0,2,2,E01027006,2012170L51702,1,1,1,1,29,6,3,0,0,0,0,0,9,2,
1719235,201534TM33185,457706.0,273040.0,-1.154196,52.352398,34,3,3,2,2015-12-16,4,07:15,381,E10000021,1,1,3,60,0,-1,-1,0,0,0,1,1,1,0,0,2,1,E01027006,2012170L51862,2,1,1,2,60,9,3,0,0,0,0,0,9,-1,
1719236,201534TM33195,464277.0,261242.0,-1.059983,52.245616,34,3,2,1,2015-12-17,5,17:10,381,E10000021,1,1,3,70,0,-1,-1,0,0,0,6,1,2,0,0,2,1,E01027011,2012170L52072,1,1,1,2,66,10,3,0,0,0,0,0,9,2,
1719239,201534TN80275,481221.0,261952.0,-0.811693,52.249762,34,1,1,1,2015-12-15,3,17:29,384,E10000021,3,45,3,70,0,-1,-1,0,0,0,5,2,2,0,0,1,1,E01027140,2012170M10012,1,1,1,2,20,4,3,0,0,0,0,0,9,1,
1719251,201534TW80285,477531.0,261895.0,-0.865746,52.249781,34,1,2,1,2015-12-16,4,17:22,384,E10000021,3,4500,6,30,3,4,6,8244,0,0,4,4,1,0,0,1,1,E01027169,2012170M10162,2,1,1,1,17,4,3,0,0,0,0,0,5,3,
1719836,201534WN32225,481316.0,263272.0,-0.809984,52.261612,34,3,2,1,2015-12-15,3,15:20,384,E10000021,3,4500,3,70,5,4,3,5076,0,0,1,2,2,0,0,1,1,E01027174,2012170S12062,1,1,2,2,43,7,2,0,0,0,2,0,11,1,
1719841,201534WN32435,474806.0,259192.0,-0.906251,52.225861,34,2,4,1,2015-12-17,5,01:15,384,E10000021,6,8061,6,30,6,4,6,8423,0,0,4,1,2,0,0,1,1,E01027158,2012170S12132,2,1,1,1,49,8,3,0,0,0,0,0,1,1,
1719844,201534WN32565,475340.0,261594.0,-0.8979,52.247379,34,2,1,1,2015-12-17,5,12:09,384,E10000021,3,508,3,30,0,-1,-1,0,0,0,1,1,1,0,0,1,1,E01027153,2012170S12252,1,1,1,2,26,6,3,0,0,0,0,0,9,1,
1719847,201534WN32835,476549.0,261988.0,-0.880106,52.250754,34,3,1,1,2015-12-17,5,17:20,384,E10000021,3,5095,6,30,6,2,3,5123,0,5,4,1,2,0,0,1,1,E01027184,2012170S12262,1,1,3,1,4,1,3,5,1,0,0,0,0,1,
1719848,201534WN32855,472804.0,258857.0,-0.935627,52.223118,34,3,2,1,2015-12-18,6,07:15,384,E10000021,3,5076,3,40,0,-1,-1,0,0,0,1,1,1,0,0,2,1,E01027234,2012170S12272,1,1,2,2,-1,-1,3,0,0,0,4,0,11,1,
1720013,201534WS34075,448901.0,241792.0,-1.287961,52.072343,34,3,2,1,2015-12-16,4,14:45,385,E10000021,3,422,1,60,1,4,3,422,0,0,1,1,2,0,0,2,2,E01027291,2012170S22362,2,1,1,2,18,4,2,0,0,0,0,0,9,1,
1721831,2015350206615,556260.0,286810.0,0.298313,52.45689,35,3,2,1,2015-12-18,6,13:45,391,E10000003,6,0,6,30,0,-1,-1,0,0,0,1,1,1,0,0,2,2,E01018046,201220K001912,1,1,3,2,44,7,3,10,9,0,0,0,0,1,East Cambridgeshire
1721836,2015350207415,544790.0,259210.0,0.117756,52.21209,35,2,2,1,2015-12-15,3,18:00,390,E10000003,3,1303,6,30,3,4,6,0,0,0,4,2,2,0,0,1,1,E01017950,201220K002042,2,3,2,2,26,6,3,0,0,1,0,0,9,1,Cambridge
1721838,2015350207615,546540.0,279100.0,0.151997,52.390318,35,3,2,1,2015-12-17,5,12:25,391,E10000003,3,142,6,50,8,4,6,0,0,0,1,1,1,0,0,2,1,E01018038,201220K002312,2,1,1,1,41,7,3,0,0,0,0,0,1,1,East Cambridgeshire
1721839,2015350207715,518870.0,301910.0,-0.24625,52.601983,35,3,4,2,2015-12-16,4,08:35,394,E06000031,5,56,6,30,0,-1,-1,0,0,0,1,1,2,0,0,2,1,E01015633,201220K002332,1,1,1,2,28,6,3,0,0,0,0,0,9,1,Peterborough
1721843,2015350208215,544710.0,307400.0,0.137432,52.645042,35,3,1,1,2015-12-17,5,23:00,392,E10000003,3,47,1,60,1,4,4,198,0,0,4,1,2,0,0,2,1,E01033111,201220K002372,2,1,1,1,39,7,3,0,0,0,0,0,9,1,Fenland
1721848,2015350208715,546860.0,260630.0,0.148645,52.2243,35,3,2,1,2015-12-15,3,18:00,390,E10000003,5,279,1,30,1,4,6,0,0,0,4,2,2,0,0,1,2,E01017971,201220K002492,2,3,2,2,54,8,3,0,0,1,0,0,9,1,Cambridge
1721849,2015350208915,518300.0,298630.0,-0.255833,52.572635,35,3,1,1,2015-12-16,4,06:43,394,E06000031,3,1179,6,30,3,4,6,0,0,0,6,2,2,0,0,1,1,E01015688,201220K002502,1,1,2,2,79,11,3,0,0,0,3,0,11,1,Peterborough
1721852,2015350209215,517590.0,303200.0,-0.264682,52.613853,35,3,2,1,2015-12-18,6,11:30,394,E06000031,5,47,6,30,0,-1,-1,0,0,0,1,1,1,0,0,1,2,E01015684,201220K002652,2,2,1,2,39,7,3,0,0,0,0,0,9,1,Peterborough
1721854,2015350209415,552710.0,276590.0,0.24145,52.366085,35,3,2,1,2015-12-18,6,18:19,391,E10000003,3,10,6,50,3,4,6,0,0,0,4,1,1,0,0,2,1,E01018054,201220K002722,2,1,1,2,44,7,3,0,0,0,0,0,9,1,East Cambridgeshire
1721858,2015350209915,522910.0,303120.0,-0.18618,52.611957,35,3,3,1,2015-12-15,3,16:50,394,E06000031,3,47,1,60,1,4,3,1073,0,0,4,9,2,0,0,2,1,E01015619,201220K003142,2,1,1,1,39,7,3,0,0,0,0,0,9,1,
1721886,2015350213915,530260.0,278610.0,-0.087276,52.390027,35,3,2,1,2015-12-16,4,18:04,393,E10000003,3,141,6,60,0,-1,-1,0,0,0,6,2,2,0,0,2,1,E01018209,201220K003822,1,1,1,1,21,5,2,0,0,0,0,0,9,1,
1721887,2015350214015,537910.0,263880.0,0.019031,52.255812,35,3,2,1,2015-12-15,3,17:51,395,E10000003,6,0,6,30,3,4,6,0,0,0,4,2,2,0,0,2,2,E01018223,201220K003822,1,3,2,1,17,4,2,0,0,1,0,0,9,1,South Cambridgeshire
1721888,2015350214115,545810.0,258410.0,0.132329,52.204634,35,3,2,1,2015-12-15,3,12:23,390,E10000003,6,0,6,30,3,4,6,0,0,0,1,1,1,0,0,1,1,E01017983,201220K003822,1,4,2,1,17,4,3,0,0,2,0,0,9,1,Cambridge