,Accident_Index_x,Location_Easting_OSGR,Location_Northing_OSGR,Longitude,Latitude,Police_Force,Accident_Severity,Number_of_Vehicles,Number_of_Casualties,Date,Day_of_Week,Time,Local_Authority_(District),Local_Authority_(Highway),1st_Road_Class,1st_Road_Number,Road_Type,Speed_limit,Junction_Detail,Junction_Control,2nd_Road_Class,2nd_Road_Number,Pedestrian_Crossing-Human_Control,Pedestrian_Crossing-Physical_Facilities,Light_Conditions,Weather_Conditions,Road_Surface_Conditions,Special_Conditions_at_Site,Carriageway_Hazards,Urban_or_Rural_Area,Did_Police_Officer_Attend_Scene_of_Accident,LSOA_of_Accident_Location,Accident_Index_y,Vehicle_Reference,Casualty_Reference,Casualty_Class,Sex_of_Casualty,Age_of_Casualty,Age_Band_of_Casualty,Casualty_Severity,Pedestrian_Location,Pedestrian_Movement,Car_Passenger,Bus_or_Coach_Passenger,Pedestrian_Road_Maintenance_Worker,Casualty_Type,Casualty_Home_Area_Type,city
1721889,2015350214215,542000.0,258680.0,0.076728,52.208054,35,2,2,1,2015-12-16,4,11:50,390,E10000003,1,11,3,70,0,-1,-1,0,0,0,1,1,1,0,0,2,1,E01017984,201220K003822,2,2,1,2,70,10,3,0,0,0,0,0,9,1,Cambridge
1721890,2015350214315,545490.0,257780.0,0.127379,52.199058,35,3,1,1,2015-12-16,4,18:44,390,E10000003,3,603,6,30,6,2,5,295,0,5,4,9,1,0,0,1,1,E01018005,201220K003832,2,1,1,1,47,8,2,0,0,0,0,0,5,1,Cambridge
1721891,2015350214415,516150.0,290210.0,-0.290483,52.497436,35,2,2,1,2015-12-17,5,07:25,393,E10000003,2,1,3,70,0,-1,-1,0,0,0,1,1,1,0,0,2,1,E01018201,201220K003852,1,1,2,2,2,1,3,0,0,2,0,0,9,1,Huntingdonshire
1721903,2015350215915,518660.0,299210.0,-0.250316,52.577768,35,2,2,1,2015-12-15,3,19:44,394,E06000031,3,15,3,40,0,-1,-1,0,0,0,4,1,1,0,0,1,1,E01015599,201220K004152,2,1,1,1,45,7,3,0,0,0,0,0,1,1,Peterborough
1721904,2015350216015,522220.0,305970.0,-0.195312,52.637721,35,3,3,1,2015-12-16,4,06:45,394,E06000031,4,1443,1,50,1,4,4,1443,0,0,6,2,2,0,0,2,1,E01015630,201220K004162,1,1,1,1,36,7,3,0,0,0,0,0,9,1,
1721905,2015350216115,531630.0,304410.0,-0.056959,52.621507,35,2,1,1,2015-12-16,4,17:10,394,E06000031,3,47,1,70,1,4,4,1167,0,0,6,1,1,3,0,2,1,E01015618,201220K004172,2,1,1,1,34,6,3,0,0,0,0,0,8,1,
1721906,2015350216215,537010.0,246270.0,-0.001252,52.097812,35,3,2,2,2015-12-17,5,16:40,395,E10000003,5,272,6,60,6,4,5,270,0,0,4,1,1,0,0,2,1,E01018271,201220K004192,1,1,2,1,21,5,3,0,0,1,0,0,9,1,South Cambridgeshire
1721907,2015350216315,528530.0,264330.0,-0.118136,52.262125,35,3,1,1,2015-12-17,5,12:11,395,E10000003,4,1040,6,60,3,4,5,184,0,0,1,1,2,0,0,2,1,E01018276,201220K004222,2,1,1,1,21,5,3,0,0,0,0,0,19,1,South Cambridgeshire
1721908,2015350216415,519010.0,299810.0,-0.244938,52.583083,35,3,2,1,2015-12-17,5,17:55,394,E06000031,6,0,6,30,3,4,6,0,0,0,4,1,2,0,0,1,1,E01015602,201220K004222,2,2,2,1,19,4,3,0,0,0,0,0,19,1,Peterborough
1721909,2015350216515,518040.0,300880.0,-0.258866,52.592909,35,2,1,1,2015-12-17,5,16:55,394,E06000031,6,0,6,30,8,4,6,0,0,0,4,1,2,0,0,1,1,E01015603,201220K004222,2,3,2,1,18,4,3,0,0,0,0,0,19,1,Peterborough
1721910,2015350216615,560320.0,252320.0,0.341606,52.145903,35,3,2,3,2015-12-17,5,18:25,395,E10000003,4,1052,6,30,3,4,5,239,0,0,4,1,1,0,0,2,1,E01018218,201220K004262,1,1,1,1,18,4,3,0,0,0,0,0,9,1,South Cambridgeshire
1721911,2015350216715,516970.0,294100.0,-0.277043,52.532216,35,3,2,2,2015-12-18,6,08:42,394,E06000031,6,0,6,30,6,4,6,0,0,0,1,1,2,0,0,1,1,E01033178,201220K004282,2,1,1,1,39,7,3,0,0,0,0,0,9,1,Peterborough
1721927,2015350218515,545150.0,257310.0,0.122207,52.194925,35,3,2,1,2015-12-16,4,16:50,390,E10000003,3,1309,6,30,3,4,6,0,0,4,4,1,2,0,0,1,1,E01018005,201220K004922,1,1,1,1,11,3,3,0,0,0,0,0,1,1,Cambridge
1721929,2015350218715,538650.0,244980.0,0.02215,52.085813,35,2,2,1,2015-12-16,4,10:15,395,E10000003,5,320,6,30,0,-1,-1,0,0,0,1,1,2,4,0,2,2,E01018267,201220K004932,2,1,1,1,43,7,3,0,0,0,0,0,3,1,South Cambridgeshire
1721932,2015350219015,531600.0,304430.0,-0.057394,52.621694,35,2,2,1,2015-12-16,4,19:42,394,E06000031,3,47,1,70,1,4,4,1167,0,0,5,1,1,0,0,2,1,E01015618,201220K004962,2,1,1,1,51,8,3,0,0,0,0,0,9,1,
1721958,2015350221815,542230.0,262480.0,0.081688,52.242135,35,3,1,1,2015-12-15,3,16:10,395,E10000003,5,198,6,30,0,-1,-1,0,0,0,5,1,1,0,0,1,2,E01018249,201220K005422,1,1,3,1,31,6,3,9,9,0,0,0,0,1,South Cambridgeshire
1721963,2015350223415,519170.0,298620.0,-0.243006,52.572355,35,3,1,1,2015-12-18,6,19:30,394,E06000031,5,51,2,30,0,-1,-1,0,0,0,4,1,2,0,2,1,1,E01015599,201220K005502,2,3,2,1,31,6,3,0,0,1,0,0,9,1,Peterborough
1721969,2015350224115,528510.0,285230.0,-0.110435,52.449922,35,3,1,1,2015-12-18,6,15:15,393,E10000003,6,0,6,30,0,-1,-1,0,0,0,1,1,1,0,0,2,1,E01018158,201220K005672,1,1,1,1,33,6,2,0,0,0,0,0,9,1,Huntingdonshire
1721972,2015350224415,512210.0,293220.0,-0.34748,52.525309,35,2,2,2,2015-12-15,3,08:10,393,E10000003,3,605,6,60,0,-1,-1,0,0,0,1,1,2,0,0,2,1,E01018128,201220K005852,1,1,3,2,22,5,3,5,1,0,0,0,0,1,Huntingdonshire
1723450,2015360096269,623453.0,311289.0,1.302181,52.653264,36,3,2,1,2015-12-15,3,22:10,401,E10000020,3,1042,1,40,1,4,4,1150,0,0,4,2,2,0,0,1,1,E01026543,201220M014982,2,1,1,1,36,7,3,0,0,0,0,0,1,1,Broadland
1723454,2015360096306,567741.0,340595.0,0.494517,52.936542,36,2,2,1,2015-12-18,6,08:44,407,E10000020,3,149,6,30,6,4,6,0,0,4,1,2,2,0,0,2,1,E01026682,201220M015042,2,1,1,1,32,6,3,0,0,0,0,0,9,1,King's Lynn and West Norfolk
1723456,2015360096316,560761.0,318660.0,0.379956,52.741664,36,3,2,1,2015-12-16,4,19:01,407,E10000020,3,47,1,70,1,4,3,47,0,0,6,1,2,0,0,2,1,E01026713,201220M015042,3,2,1,2,38,7,3,0,0,0,0,0,9,1,King's Lynn and West Norfolk
1723457,2015360096321,580255.0,293471.0,0.654674,52.509324,36,3,3,1,2015-12-16,4,10:40,400,E10000020,3,134,6,40,0,-1,-1,0,0,0,1,1,2,0,0,2,2,E01026424,201220M015042,3,4,2,1,7,2,3,0,0,1,0,0,9,1,Breckland
1723458,2015360096327,591422.0,300691.0,0.823171,52.570349,36,3,2,1,2015-12-16,4,08:05,400,E10000020,6,0,6,30,3,4,6,0,0,0,1,1,1,0,0,2,1,E01026488,201220M015072,2,1,2,1,-1,-1,3,0,0,0,3,0,10,1,Breckland
1723460,2015360096330,622789.0,308373.0,1.290416,52.627366,36,3,1,1,2015-12-15,3,15:23,404,E10000020,5,851,6,30,0,-1,-1,0,0,1,1,1,2,0,0,1,1,E01026822,201220M015102,2,1,1,1,50,8,2,0,0,0,0,0,5,1,Norwich
1723461,2015360096336,610645.0,332777.0,1.12693,52.851266,36,3,2,2,2015-12-16,4,20:11,405,E10000020,4,1149,6,60,0,-1,-1,0,0,0,6,1,2,0,0,2,1,E01026733,201220M015112,2,1,2,2,53,8,3,0,0,1,0,0,9,1,North Norfolk
1723462,2015360096345,615549.0,303326.0,1.180336,52.584985,36,2,2,3,2015-12-16,4,10:45,406,E10000020,3,11,3,70,0,-1,-1,0,0,0,1,1,1,0,0,2,1,E01026906,201220M015122,2,1,1,1,-1,-1,3,0,0,0,0,0,1,1,South Norfolk
1723463,2015360096360,623291.0,309584.0,1.298638,52.638029,36,3,2,1,2015-12-17,5,19:15,404,E10000020,3,1151,6,30,3,4,6,0,0,0,4,1,1,0,0,1,2,E01026841,201220M015122,3,2,1,2,23,5,3,0,0,0,0,0,1,1,Norwich
1723465,2015360096367,622931.0,308313.0,1.29247,52.626769,36,3,1,2,2015-12-17,5,10:08,404,E10000020,5,851,6,30,0,-1,-1,0,0,0,1,1,1,0,0,1,2,E01026822,201220M015262,1,1,1,2,18,4,3,0,0,0,0,0,9,1,Norwich
1723468,2015360096371,562172.0,319581.0,0.401292,52.749515,36,3,2,2,2015-12-15,3,08:09,407,E10000020,3,148,6,30,3,4,6,0,0,0,1,2,2,0,0,1,1,E01026700,201220M015282,2,1,1,1,17,4,3,0,0,0,0,0,2,1,King's Lynn and West Norfolk
1723469,2015360096373,581975.0,308975.0,0.688497,52.647978,36,2,1,1,2015-12-17,5,16:30,400,E10000020,3,1065,6,30,3,4,6,0,0,0,4,1,1,0,0,2,1,E01026455,201220M015292,2,1,1,1,17,4,3,0,0,0,0,0,3,1,Breckland
1723470,2015360096377,623846.0,308483.0,1.30608,52.627919,36,3,4,1,2015-12-18,6,19:01,404,E10000020,3,147,6,30,6,2,5,850,0,5,1,1,1,0,0,1,1,E01033438,201220M015312,2,1,1,1,26,6,3,0,0,0,0,0,1,1,Norwich
1723478,2015360096434,604582.0,295169.0,1.013676,52.515991,36,3,2,2,2015-12-18,6,15:30,400,E10000020,5,572,6,30,0,-1,-1,0,0,4,1,1,1,0,0,1,2,E01026449,201220M015462,2,2,2,1,11,3,3,0,0,2,0,0,9,1,Breckland
1723481,2015360096466,599368.0,311468.0,0.946751,52.664252,36,3,2,1,2015-12-16,4,08:50,400,E10000020,6,0,6,30,0,-1,-1,0,0,0,1,1,1,0,0,1,2,E01026427,201220M015522,1,1,3,1,13,3,3,6,9,0,0,0,0,1,Breckland
1723482,2015360096468,616587.0,340934.0,1.220453,52.922122,36,3,2,2,2015-12-18,6,17:03,405,E10000020,3,148,6,50,3,4,5,786,0,0,6,1,1,0,0,2,1,E01026731,201220M015612,2,1,1,1,20,4,3,0,0,0,0,0,3,1,North Norfolk
1723495,2015360096559,609295.0,305388.0,1.089471,52.605937,36,3,2,3,2015-12-16,4,17:35,406,E10000020,5,176,6,60,0,-1,-1,0,0,0,6,2,2,0,0,2,1,E01026921,201220M015962,2,1,1,2,42,7,3,0,0,0,0,0,9,1,South Norfolk
1723501,2015360096587,652657.0,308826.0,1.731123,52.618366,36,3,2,1,2015-12-16,4,17:20,402,E10000020,6,0,6,30,3,4,6,0,0,0,4,1,1,0,0,1,1,E01026599,201220M016052,2,2,2,2,71,10,3,0,0,1,0,0,9,1,
1723502,2015360096588,561572.0,298094.0,0.381895,52.556701,36,3,2,2,2015-12-18,6,09:36,407,E10000020,3,10,6,60,9,4,6,0,0,0,1,1,1,0,0,2,1,E01026679,201220M016062,1,1,3,2,11,3,3,5,4,0,0,0,0,1,King's Lynn and West Norfolk
1723524,2015360096817,632794.0,311554.0,1.440204,52.651717,36,3,2,2,2015-12-17,5,16:30,401,E10000020,5,441,6,30,6,4,5,443,0,0,4,1,2,0,0,2,1,E01026506,201220M016552,2,1,1,1,21,5,3,0,0,0,0,0,9,1,Norwich
1725158,201537EA96271,624745.0,243871.0,1.276159,52.047637,37,3,2,2,2015-12-15,3,17:50,415,E10000029,5,356,6,60,0,-1,-1,0,0,0,4,2,2,0,0,2,1,E01030197,201220T027192,2,2,1,2,25,5,3,0,0,0,0,0,9,1,East Suffolk
1725160,201537EA96307,652195.0,292897.0,1.712221,52.475683,37,3,2,1,2015-12-17,5,17:35,416,E10000029,3,1117,6,30,0,-1,-1,0,0,0,4,1,1,0,0,1,1,E01030270,201220T027342,2,1,1,1,12,3,3,0,0,0,0,0,1,1,East Suffolk
1725161,201537EA96320,611923.0,264976.0,1.102624,52.242151,37,3,2,2,2015-12-16,4,15:13,413,E10000029,3,140,6,50,8,4,6,0,0,0,1,1,1,0,0,2,1,E01030087,201220T027362,1,1,1,1,16,4,3,0,0,0,0,0,1,1,Mid Suffolk
1725162,201537EA96322,587517.0,241471.0,0.732663,52.03992,37,3,2,2,2015-12-16,4,08:08,410,E10000029,3,131,2,30,6,2,4,1115,0,0,1,1,1,0,0,1,1,E01029912,201220T027652,1,1,3,1,21,5,3,5,1,0,0,0,0,1,Babergh
1725163,201537EA96323,645109.0,262511.0,1.585954,52.206271,37,3,2,1,2015-12-16,4,07:53,415,E10000029,5,228,6,30,0,-1,-1,0,0,0,1,2,2,0,0,2,1,E01030187,201220T027662,2,1,2,2,15,3,3,0,0,2,0,0,9,1,East Suffolk
1725164,201537EA96325,616376.0,243897.0,1.15433,52.051198,37,3,2,2,2015-12-16,4,16:08,412,E10000029,3,137,2,30,3,4,6,0,0,0,4,1,1,0,0,1,1,E01033130,201220T027672,1,1,3,1,13,3,2,5,4,0,0,0,0,1,
1725165,201537EA96326,603882.0,242049.0,0.971283,52.039339,37,3,1,2,2015-12-16,4,00:54,410,E10000029,5,730,6,60,0,-1,-1,0,0,0,4,2,2,0,7,2,1,E01029893,201220T027682,1,1,1,1,21,5,3,0,0,0,0,0,9,1,Babergh
1725166,201537EA96357,613867.0,277284.0,1.13886,52.351885,37,3,2,1,2015-12-17,5,15:00,413,E10000029,3,140,6,50,0,-1,-1,0,0,0,1,1,1,0,0,2,1,E01030064,201220T027682,1,2,2,1,21,5,3,0,0,1,0,0,9,1,Mid Suffolk
1725168,201537EA96375,618239.0,245164.0,1.182265,52.061842,37,3,2,2,2015-12-17,5,20:25,412,E10000029,3,1071,1,30,1,4,5,23,0,0,4,1,2,0,0,1,1,E01029964,201220T027822,2,2,1,2,26,6,3,0,0,0,0,0,9,1,
1725170,201537EA96387,623437.0,241477.0,1.255554,52.026677,37,3,2,1,2015-12-18,6,17:15,415,E10000029,3,12,1,70,1,4,3,12,0,0,4,1,1,0,0,2,1,E01030198,201220T028102,2,1,2,1,21,5,3,0,0,1,0,0,9,1,East Suffolk
1725177,201537EA96422,622598.0,244168.0,1.245096,52.051169,37,2,3,3,2015-12-18,6,22:14,415,E10000029,5,322,6,60,0,-1,-1,0,0,0,7,1,1,0,0,2,1,E01030197,201220T028742,1,3,2,2,17,4,3,0,0,2,0,0,9,1,East Suffolk
1725181,201537EA96496,592150.0,264741.0,0.813273,52.247293,37,3,2,1,2015-12-16,4,18:52,413,E10000029,5,560,6,30,6,4,5,692,1,0,6,1,1,0,0,2,1,E01030085,201220T028812,2,1,1,2,20,4,3,0,0,0,0,0,9,1,West Suffolk
1725211,201537EA96791,579822.0,266931.0,0.634066,52.271123,37,3,1,1,2015-12-16,4,23:00,414,E10000029,5,629,6,60,0,-1,-1,0,0,0,7,1,1,0,0,2,1,E01030134,201220T030992,2,1,1,2,24,5,3,0,0,0,0,0,9,1,West Suffolk
1725662,2015405BA1211,506828.0,251144.0,-0.440139,52.14826,40,3,2,1,2015-12-15,3,18:48,420,E06000055,6,0,6,30,3,4,6,0,0,0,4,2,2,0,0,1,1,E01017488,201220T057502,3,2,1,1,29,6,3,0,0,0,0,0,9,1,
1725666,2015405BA1216,504763.0,249615.0,-0.470777,52.134914,40,3,2,1,2015-12-15,3,16:30,420,E06000055,3,600,1,30,1,4,6,0,0,8,4,5,2,0,0,1,2,E01017466,201220T057592,1,1,1,1,26,6,3,0,0,0,0,0,9,1,
1725667,2015405BA1217,504180.0,248642.0,-0.47959,52.126279,40,3,1,1,2015-12-15,3,13:27,420,E06000055,4,531,6,30,3,4,6,0,0,0,1,4,2,0,0,1,1,E01017506,201220T057592,1,3,2,1,30,6,2,0,0,1,0,0,9,1,
1725668,2015405BA1218,505052.0,250763.0,-0.466202,52.145176,40,3,3,5,2015-12-18,6,13:54,420,E06000055,6,0,6,30,0,-1,-1,0,0,8,1,1,1,0,0,1,1,E01017484,201220T057592,2,2,1,2,25,5,3,0,0,0,0,0,9,1,
1725672,2015405BA1228,495988.0,237621.0,-0.602312,52.028705,40,3,2,1,2015-12-18,6,16:27,424,E06000056,5,94,6,60,6,2,5,76,0,0,4,1,2,0,0,2,1,E01033194,201220T058872,1,1,1,1,35,6,3,0,0,0,0,0,9,1,
1725674,2015405BA1232,503984.0,249370.0,-0.482229,52.132859,40,3,1,1,2015-12-16,4,02:00,420,E06000055,6,0,6,30,3,4,6,0,0,1,4,1,2,0,0,1,1,E01017538,201220T058892,2,1,1,2,36,7,3,0,0,0,0,0,9,1,
1725677,2015405BA1243,506230.0,248873.0,-0.449584,52.127966,40,3,2,1,2015-12-16,4,09:30,420,E06000055,3,603,6,30,0,-1,-1,0,0,0,1,1,1,0,0,1,1,E01017519,201220T500222,1,1,1,1,22,5,3,0,0,0,0,0,9,1,
1725683,2015405BA1253,515920.0,255415.0,-0.305863,52.18481,40,3,2,1,2015-12-15,3,13:35,420,E06000055,3,1,1,60,1,4,3,421,0,0,1,1,1,0,0,2,1,E01017542,201220T500492,2,1,1,1,32,6,3,0,0,0,0,0,9,1,
1725693,2015405BA1274,503803.0,268403.0,-0.479041,52.303946,40,2,2,3,2015-12-17,5,16:41,420,E06000055,6,2,6,60,0,-1,-1,0,0,0,6,2,2,0,0,2,1,E01017540,201220T501762,1,2,2,1,3,1,3,0,0,2,0,0,9,1,
1726183,2015405CA1495,508051.0,221509.0,-0.431613,51.881684,40,3,2,1,2015-12-15,3,17:58,421,E06000032,6,0,6,20,3,4,6,0,0,0,4,2,2,0,0,1,1,E01015729,201220W035352,2,1,1,1,23,5,3,0,0,0,0,0,1,1,
1726188,2015405CA1506,510087.0,222725.0,-0.401658,51.892215,40,3,1,1,2015-12-18,6,23:30,421,E06000032,3,5228,6,30,8,4,6,0,0,1,4,1,1,0,0,1,2,E01015777,201220W035472,2,2,1,2,38,7,3,0,0,0,0,0,9,1,
1726189,2015405CA1508,505818.0,221965.0,-0.463902,51.886211,40,3,2,2,2015-12-16,4,17:23,424,E06000056,1,1,3,70,0,-1,-1,0,0,0,4,1,1,0,0,1,1,E01017562,201220W035472,2,3,2,1,4,1,3,0,0,2,0,0,9,1,
1726190,2015405CA1510,507199.0,222288.0,-0.443744,51.88885,40,3,2,1,2015-12-17,5,17:53,421,E06000032,6,0,6,30,6,2,6,0,0,5,4,1,2,0,0,1,1,E01015731,201220W035472,2,4,2,2,4,1,3,0,0,2,0,0,9,1,
1726211,2015405CA1574,504802.0,223951.0,-0.478056,51.904252,40,3,2,1,2015-12-17,5,19:46,421,E06000032,1,1,3,70,0,-1,-1,0,0,0,6,1,1,0,0,1,1,E01015758,201220W038212,2,1,1,1,19,4,3,0,0,0,0,0,9,1,
1726213,2015405CA1580,511211.0,221738.0,-0.38565,51.883122,40,3,2,1,2015-12-18,6,17:36,421,E06000032,6,0,6,30,8,4,6,0,0,0,4,1,1,0,0,1,1,E01015722,201220W038212,2,3,2,1,19,4,3,0,0,2,0,0,9,1,
1726656,2015405DA1076,492334.0,224953.0,-0.658959,51.915461,40,3,2,1,2015-12-15,3,16:57,424,E06000056,3,4012,1,20,2,4,6,0,0,0,4,2,2,0,0,1,1,E01017555,201220Z000792,1,34,2,2,25,5,3,0,0,0,4,0,11,1,
1726664,2015405DA1097,497056.0,222836.0,-0.590923,51.895632,40,2,2,1,2015-12-16,4,07:18,424,E06000056,3,505,6,50,3,4,5,228,0,0,4,2,2,0,0,2,1,E01017588,201220Z000792,1,42,2,2,50,8,3,0,0,0,4,0,11,1,
1726665,2015405DA1101,492191.0,225195.0,-0.660973,51.91766,40,3,2,1,2015-12-18,6,17:00,424,E06000056,5,255,6,20,2,4,5,194,0,1,4,1,1,0,0,1,2,E01017555,201220Z000792,2,2,1,1,65,9,1,0,0,0,0,0,21,-1,
1726675,2015405DA1133,508129.0,232461.0,-0.427043,51.9801,40,3,2,1,2015-12-16,4,19:45,424,E06000056,3,6,6,60,8,4,6,113,0,0,6,1,2,0,0,2,1,E01017398,201220Z000952,1,1,1,1,51,8,3,0,0,0,0,0,21,2,
1726685,2015405DA1154,508135.0,237706.0,-0.425302,52.027237,40,3,2,1,2015-12-16,4,19:51,424,E06000056,3,6,6,40,3,4,5,100,0,8,4,2,2,0,0,2,1,E01017419,201220Z001052,1,1,1,1,26,6,3,0,0,0,0,0,19,1,
1726938,20154100A0739,536975.0,211611.0,-0.015556,51.786398,41,3,2,1,2015-12-18,6,16:30,432,E10000015,3,10,3,70,1,4,3,414,0,0,4,1,1,0,0,2,1,E01023469,2012212000214,1,1,1,1,51,8,3,0,0,0,0,0,5,3,East Hertfordshire
1726941,20154100A0758,532591.0,212365.0,-0.078787,51.794228,41,3,1,1,2015-12-17,5,22:30,432,E10000015,3,414,3,40,1,4,3,414,0,7,4,1,2,0,0,1,1,E01023478,2012212000224,1,2,1,1,24,5,2,0,0,0,0,0,9,1,East Hertfordshire
1727189,20154100B0799,530535.0,202704.0,-0.112206,51.707896,41,2,1,1,2015-12-18,6,15:53,438,E10000015,4,156,6,30,3,4,6,684,0,4,4,1,1,0,0,2,1,E01023947,2012212000679,2,1,2,2,70,10,2,0,0,1,0,0,9,3,Welwyn Hatfield
1727190,20154100B0800,527447.0,202593.0,-0.156913,51.707607,41,3,2,2,2015-12-15,3,19:00,438,E10000015,4,156,6,60,0,-1,-1,0,0,0,6,2,2,0,0,2,1,E01023947,2012212000680,1,1,2,1,37,7,3,0,0,1,0,0,9,1,Welwyn Hatfield
1727199,20154100B0820,523772.0,209675.0,-0.207554,51.772073,41,3,2,3,2015-12-18,6,21:15,438,E10000015,3,1000,6,40,3,4,3,414,0,0,4,1,1,0,0,2,1,E01023926,2012212000692,1,1,2,1,19,4,3,0,0,2,0,0,9,-1,Welwyn Hatfield
1727200,20154100B0821,524244.0,204112.0,-0.202703,51.721976,41,3,1,1,2015-12-18,6,16:55,438,E10000015,6,80,6,30,6,4,5,58,0,0,4,1,1,0,0,2,1,E01023908,2012212000692,1,2,2,1,26,6,3,0,0,1,0,0,9,1,Welwyn Hatfield
1727209,20154100B0838,523067.0,209046.0,-0.217989,51.766576,41,3,2,1,2015-12-15,3,18:55,438,E10000015,4,6426,1,30,1,4,4,6426,0,8,4,2,2,0,0,1,1,E01023926,2012212000707,2,1,2,1,-1,-1,3,0,0,1,0,0,9,1,Welwyn Hatfield
1727214,20154100B0850,522601.0,204761.0,-0.226248,51.72817,41,2,2,2,2015-12-15,3,15:43,438,E10000015,5,56,6,60,3,4,5,174,0,0,4,2,2,0,0,2,1,E01023964,2012212000710,1,2,3,2,15,3,3,5,1,0,0,0,0,1,Welwyn Hatfield
1727560,20154100C1165,510486.0,196324.0,-0.404254,51.654857,41,2,1,1,2015-12-15,3,16:40,437,E10000015,5,74,6,30,0,-1,-1,0,0,0,4,2,2,0,0,1,1,E01023899,2012212001379,2,1,1,2,50,8,3,0,0,0,0,0,9,1,Watford
1727561,20154100C1166,509742.0,195777.0,-0.415176,51.650086,41,3,1,1,2015-12-15,3,16:55,437,E10000015,6,444,6,20,3,4,6,203,0,0,5,2,2,0,0,1,1,E01023867,2012212001379,2,2,2,2,69,10,3,0,0,1,0,0,9,-1,Watford
1727565,20154100C1188,508374.0,194481.0,-0.435342,51.638703,41,3,2,1,2015-12-18,6,17:15,436,E10000015,3,4145,6,60,8,4,-1,-1,0,0,6,1,1,0,0,1,1,E01023841,2012212001385,3,3,1,1,47,8,3,0,0,0,0,0,9,1,Watford
1727573,20154100C1220,511156.0,196522.0,-0.39451,51.656504,41,3,2,1,2015-12-15,3,17:20,437,E10000015,3,411,7,30,8,4,-1,-1,0,0,4,2,2,0,0,1,1,E01023860,2012212001398,2,2,1,1,68,10,3,0,0,0,0,0,9,1,Watford
1727576,20154100C1223,506635.0,193388.0,-0.460794,51.629211,41,3,2,1,2015-12-18,6,17:00,436,E10000015,3,404,6,30,8,4,-1,-1,0,8,4,1,1,0,0,1,1,E01023849,2012212001404,2,1,1,2,21,5,3,0,0,0,0,0,9,1,Three Rivers
1727577,20154100C1225,503791.0,196506.0,-0.500943,51.657767,41,3,2,1,2015-12-18,6,17:45,436,E10000015,5,103,6,30,6,2,3,404,0,5,4,1,2,0,0,1,2,E01023814,2012212001405,1,1,1,2,29,6,3,0,0,0,0,0,9,1,Three Rivers
1727582,20154100C1235,510687.0,197546.0,-0.400963,51.6658,41,3,1,1,2015-12-16,4,17:30,437,E10000015,6,322,2,30,3,4,6,353,0,0,7,1,1,0,0,1,1,E01023880,2012212001415,1,2,1,1,54,8,2,0,0,0,0,0,4,1,Watford
1727790,20154100D0656,507791.0,201196.0,-0.441694,51.699168,41,3,2,1,2015-12-16,4,10:40,436,E10000015,3,41,3,70,0,-1,-1,0,0,0,1,1,1,0,0,2,1,E01023831,2012212001758,1,1,2,1,16,4,3,0,0,1,0,0,9,1,Three Rivers
1727792,20154100D0658,509049.0,214685.0,-0.41927,51.82016,41,3,2,1,2015-12-16,4,19:50,431,E10000015,1,1,7,70,1,4,3,5,0,0,4,1,2,0,0,2,2,E01023430,2012212001763,1,2,2,2,22,5,3,0,0,1,0,0,9,1,Dacorum
1727793,20154100D0659,505508.0,205656.0,-0.473366,51.739688,41,3,2,1,2015-12-18,6,18:35,431,E10000015,3,4251,6,30,8,4,6,1675,0,0,4,1,1,0,0,2,2,E01023354,2012212001763,2,1,2,2,35,6,3,0,0,1,0,0,9,1,Dacorum
1727805,20154100D0687,491537.0,213797.0,-0.673496,51.815317,41,3,2,1,2015-12-18,6,14:15,431,E10000015,4,489,1,60,1,4,4,489,0,0,1,1,1,0,0,2,2,E01023424,2012212001784,1,1,1,1,32,6,3,0,0,0,0,0,21,2,Dacorum
1727815,20154100D0702,507847.0,207912.0,-0.438805,51.759519,41,3,2,1,2015-12-18,6,16:55,431,E10000015,3,4147,6,30,3,4,6,627,0,0,4,1,1,0,0,1,1,E01023345,2012212001806,1,2,3,1,49,8,2,8,5,0,0,2,0,1,Dacorum