,Accident_Index_x,Location_Easting_OSGR,Location_Northing_OSGR,Longitude,Latitude,Police_Force,Accident_Severity,Number_of_Vehicles,Number_of_Casualties,Date,Day_of_Week,Time,Local_Authority_(District),Local_Authority_(Highway),1st_Road_Class,1st_Road_Number,Road_Type,Speed_limit,Junction_Detail,Junction_Control,2nd_Road_Class,2nd_Road_Number,Pedestrian_Crossing-Human_Control,Pedestrian_Crossing-Physical_Facilities,Light_Conditions,Weather_Conditions,Road_Surface_Conditions,Special_Conditions_at_Site,Carriageway_Hazards,Urban_or_Rural_Area,Did_Police_Officer_Attend_Scene_of_Accident,LSOA_of_Accident_Location,Accident_Index_y,Vehicle_Reference,Casualty_Reference,Casualty_Class,Sex_of_Casualty,Age_of_Casualty,Age_Band_of_Casualty,Casualty_Severity,Pedestrian_Location,Pedestrian_Movement,Car_Passenger,Bus_or_Coach_Passenger,Pedestrian_Road_Maintenance_Worker,Casualty_Type,Casualty_Home_Area_Type,city
1727817,20154100D0704,506342.0,204860.0,-0.461535,51.732376,41,3,3,1,2015-12-18,6,18:40,431,E10000015,3,4251,6,30,0,-1,-1,0,0,0,4,1,1,0,0,1,1,E01033022,2012212001806,2,1,3,1,64,9,2,8,5,0,0,2,0,2,Dacorum
1727959,20154100E0609,526089.0,222529.0,-0.169314,51.887068,41,2,3,6,2015-12-16,4,15:58,435,E10000015,3,602,6,40,0,-1,-1,0,0,0,4,1,2,0,0,1,1,E01023765,2012212002034,2,1,2,2,27,6,3,0,0,1,0,0,9,-1,Stevenage
1727962,20154100E0615,526618.0,223765.0,-0.161179,51.898055,41,3,2,1,2015-12-15,3,17:48,435,E10000015,6,517,6,30,3,4,6,657,0,0,4,1,2,0,0,1,1,E01023754,2012212002041,2,1,1,1,29,6,3,0,0,0,0,0,9,1,Stevenage
1727963,20154100E0616,524441.0,223850.0,-0.192771,51.899308,41,3,2,2,2015-12-15,3,16:31,435,E10000015,6,302,6,40,2,4,6,157,0,7,4,2,2,0,0,1,1,E01023755,2012212002042,1,1,1,2,38,7,3,0,0,0,0,0,9,1,Stevenage
1727972,20154100E0646,526054.0,222582.0,-0.169803,51.887552,41,3,1,3,2015-12-17,5,22:41,435,E10000015,3,602,1,40,1,4,6,296,0,7,4,1,2,0,0,1,1,E01023791,2012212002052,2,1,1,2,48,8,3,0,0,0,0,0,9,3,Stevenage
1727979,20154100E0657,523239.0,226564.0,-0.209261,51.923965,41,3,2,1,2015-12-17,5,17:00,435,E10000015,4,197,6,30,8,4,-1,-1,0,8,4,1,2,0,0,1,1,E01023800,2012212002057,2,1,2,2,55,8,3,0,0,1,0,0,9,1,Stevenage
1728234,20154100F0829,512348.0,203198.0,-0.375139,51.716268,41,3,3,1,2015-12-15,3,18:43,434,E10000015,1,25,7,70,0,-1,-1,0,0,0,4,2,2,0,0,2,1,E01023732,2012212002479,2,1,2,2,32,6,3,0,0,1,0,0,9,1,St Albans
1728241,20154100F0843,514629.0,202481.0,-0.342371,51.709363,41,3,4,3,2015-12-18,6,19:50,434,E10000015,1,25,3,70,0,-1,-1,0,0,0,4,1,1,0,0,2,1,E01023717,2012212002501,2,1,1,2,24,5,3,0,0,0,0,0,9,1,St Albans
1728244,20154100F0862,516963.0,204850.0,-0.307812,51.730173,41,3,2,2,2015-12-17,5,19:10,434,E10000015,3,414,3,70,0,-1,-1,0,0,0,7,1,1,0,0,2,1,E01023684,2012212002509,2,1,2,2,65,9,3,0,0,1,0,0,9,1,St Albans
1728489,20154100G0670,519279.0,228193.0,-0.266255,51.939465,41,3,1,1,2015-12-15,3,18:00,433,E10000015,3,602,6,30,3,4,6,1526,0,0,5,2,2,0,0,1,1,E01023614,2012212002928,1,1,2,1,72,10,3,0,0,0,2,0,11,1,North Hertfordshire
1728491,20154100G0673,523459.0,230979.0,-0.20448,51.963591,41,3,2,1,2015-12-15,3,16:00,433,E10000015,3,505,1,40,1,4,2,1,0,0,6,1,2,0,0,2,2,E01023639,2012212002934,2,1,2,2,46,8,3,0,0,0,0,0,5,1,North Hertfordshire
1728495,20154100G0684,518749.0,229400.0,-0.273544,51.950426,41,3,1,1,2015-12-15,3,21:15,433,E10000015,6,550,2,30,0,-1,-1,0,0,0,4,9,1,0,0,1,2,E01023601,2012212002941,1,1,2,2,22,5,3,0,0,2,0,0,9,-1,North Hertfordshire
1728496,20154100G0689,518607.0,229738.0,-0.275493,51.953493,41,3,1,1,2015-12-18,6,12:30,433,E10000015,3,505,6,30,1,4,3,505,0,0,1,1,2,0,0,1,1,E01023616,2012212002941,1,2,2,2,23,5,3,0,0,2,0,0,9,-1,North Hertfordshire
1728499,20154100G0695,520862.0,227520.0,-0.243475,51.933076,41,2,2,1,2015-12-15,3,09:30,433,E10000015,5,171,1,30,1,4,5,10,0,0,1,7,2,0,0,2,1,E01023600,2012212002947,1,1,1,1,42,7,3,0,0,0,0,0,5,1,North Hertfordshire
1728510,20154100G0713,522204.0,233413.0,-0.221871,51.985741,41,3,1,1,2015-12-16,4,11:55,433,E10000015,5,89,6,30,8,4,-1,-1,0,0,1,8,2,0,0,1,1,E01023633,2012212002972,1,1,3,2,87,11,3,5,9,0,0,0,0,1,North Hertfordshire
1728512,20154100G0716,520177.0,227747.0,-0.253354,51.935264,41,3,2,2,2015-12-15,3,14:21,433,E10000015,3,602,6,60,3,4,6,87,0,0,1,2,2,0,0,2,2,E01023622,2012212002981,1,1,3,1,10,2,2,5,1,0,0,0,0,1,North Hertfordshire
1728752,20154100J0709,525448.0,199663.0,-0.186881,51.681727,41,2,1,1,2015-12-16,4,07:30,33,E10000015,5,115,6,60,3,4,3,1000,0,0,1,2,2,0,0,2,1,E01023576,2012212003364,1,3,1,1,16,4,3,0,0,0,0,0,9,1,Hertsmere
1728757,20154100J0719,524741.0,200854.0,-0.196676,51.692587,41,3,2,1,2015-12-17,5,22:45,33,E10000015,5,116,6,30,8,4,-1,-1,0,0,4,8,2,0,0,1,1,E01023576,2012212003368,2,2,1,1,26,6,3,0,0,0,0,0,9,1,Hertsmere
1728767,20154100J0745,525200.0,201330.0,-0.189868,51.696763,41,3,2,1,2015-12-18,6,23:25,33,E10000015,6,385,1,30,1,4,6,372,0,0,4,1,1,0,0,1,1,E01023578,2012212003384,2,1,1,1,48,8,3,0,0,0,0,0,1,1,Hertsmere
1728770,20154100J0754,516600.0,196407.0,-0.315884,51.654369,41,3,3,1,2015-12-18,6,09:45,33,E10000015,5,82,6,60,3,4,5,135,0,0,1,1,2,0,0,2,1,E01023528,2012212003393,2,1,1,2,25,5,3,0,0,0,0,0,9,1,Hertsmere
1728773,20154100J0758,523141.0,202294.0,-0.219304,51.705881,41,3,2,1,2015-12-15,3,09:15,33,E10000015,6,386,6,60,3,4,5,174,0,0,1,1,2,0,0,2,1,E01023567,2012212003395,2,3,2,1,-1,-1,3,0,0,2,0,0,9,-1,Hertsmere
1728965,20154100K0633,537174.0,208292.0,-0.013982,51.756526,41,3,3,1,2015-12-16,4,08:35,430,E10000015,6,194,6,30,3,4,6,877,0,0,1,8,2,0,0,1,2,E01023321,2012212003702,1,1,3,2,40,7,2,9,9,0,0,0,0,1,
1728966,20154100K0634,535481.0,203626.0,-0.04031,51.715009,41,3,2,1,2015-12-16,4,14:45,430,E10000015,4,156,6,30,3,4,6,567,0,0,1,1,1,0,0,1,2,E01023305,2012212003703,1,1,2,2,22,5,3,0,0,1,0,0,9,2,
1728968,20154100K0643,537125.0,209791.0,-0.014101,51.770007,41,2,1,1,2015-12-17,5,13:32,430,E10000015,3,1170,6,30,0,-1,-1,0,0,0,1,1,2,0,0,1,1,E01023329,2012212003704,2,1,1,1,37,7,3,0,0,0,0,0,9,3,
1728969,20154100K0649,536357.0,201677.0,-0.0284,51.697284,41,3,1,1,2015-12-15,3,17:12,430,E10000015,6,254,6,30,3,4,6,254,0,0,7,2,2,0,0,1,1,E01023300,2012212003705,1,1,1,1,40,7,3,0,0,0,0,0,9,1,
1729038,20154100T1155,513006.0,198102.0,-0.367267,51.670336,41,3,2,3,2015-12-17,5,16:40,33,E10000015,1,1,7,70,0,-1,-1,0,0,0,4,1,1,0,0,2,1,E01023555,2012212003814,2,1,1,1,38,7,3,0,0,0,0,0,1,1,Hertsmere
1729039,20154100T1156,509974.0,206738.0,-0.408371,51.748555,41,3,1,1,2015-12-16,4,05:15,434,E10000015,1,1,3,70,0,-1,-1,0,0,0,4,2,2,0,0,2,1,E01023722,2012212003816,2,1,1,1,14,3,2,0,0,0,0,0,1,1,St Albans
1729042,20154100T1159,513742.0,197573.0,-0.356801,51.665433,41,3,2,1,2015-12-17,5,06:44,33,E10000015,1,1,3,70,0,-1,-1,0,0,0,1,1,2,0,0,1,1,E01023555,2012212003822,2,1,1,1,8,2,3,0,0,0,0,0,1,1,Hertsmere
1729196,20154100T3192,511505.0,203428.0,-0.387262,51.718504,41,2,1,1,2015-12-16,4,08:35,434,E10000015,1,1,7,70,5,4,1,25,0,0,1,1,2,0,0,2,1,E01023732,2012212004070,2,1,1,1,-1,-1,2,0,0,0,0,0,1,-1,St Albans
1729203,20154100T3205,510628.0,202920.0,-0.400114,51.714111,41,3,3,1,2015-12-18,6,10:30,434,E10000015,1,25,3,70,0,-1,-1,0,0,0,1,1,2,0,0,2,1,E01023732,2012212004096,2,1,1,1,25,5,3,0,0,0,0,0,9,3,St Albans
1729645,2015420035542,583660.0,186808.0,0.647568,51.550266,42,3,2,2,2015-12-15,3,08:36,460,E06000033,6,0,6,30,3,4,6,0,0,0,1,2,2,0,0,1,2,E01015815,2012212004909,2,1,1,1,52,8,3,0,0,0,0,0,1,1,Southend-on-Sea
1729646,2015420035558,560680.0,179315.0,0.313021,51.489955,42,3,2,1,2015-12-15,3,09:15,462,E06000034,6,0,6,30,9,4,6,0,0,8,1,1,2,0,0,1,1,E01033612,2012212004910,2,1,2,2,25,5,3,0,0,1,0,0,9,1,
1729647,2015420035576,549744.0,217961.0,0.172173,51.840181,42,3,1,1,2015-12-15,3,08:33,463,E10000012,6,0,6,30,3,4,6,0,0,0,1,2,2,0,0,2,1,E01022060,2012212004910,2,2,1,1,36,7,3,0,0,0,0,0,9,1,Uttlesford
1729650,2015420035616,545763.0,210123.0,0.111137,51.77081,42,2,1,1,2015-12-15,3,15:30,457,E10000012,6,0,9,30,3,4,6,0,0,0,1,2,2,0,0,1,1,E01021852,2012212004913,1,1,3,1,13,3,3,5,3,0,0,0,0,1,
1729651,2015420035617,580932.0,191007.0,0.610426,51.588862,42,3,1,1,2015-12-15,3,15:20,459,E10000012,4,1013,6,30,3,4,6,0,0,0,1,2,2,0,0,1,1,E01021962,2012212004924,2,1,1,2,34,6,3,0,0,0,0,0,9,1,
1729652,2015420035619,567961.0,195679.0,0.425609,51.634844,42,2,1,1,2015-12-15,3,17:00,450,E10000012,6,0,6,30,3,4,6,0,2,1,4,2,2,0,0,1,1,E01021239,2012212004929,1,2,2,1,11,3,3,0,0,2,0,0,9,1,
1729653,2015420035620,543591.0,200310.0,0.075637,51.683199,42,3,3,3,2015-12-15,3,16:05,456,E10000012,4,1393,6,40,3,4,6,0,0,0,6,2,2,0,0,2,2,E01021806,2012212004929,2,1,1,2,38,7,3,0,0,0,0,0,9,1,Epping Forest
1729654,2015420035621,590488.0,233869.0,0.771704,51.970641,42,3,2,1,2015-12-15,3,17:30,451,E10000012,4,1508,6,30,0,-1,-1,0,0,0,4,2,2,0,0,2,2,E01021407,2012212004930,1,1,1,1,21,5,3,0,0,0,0,0,9,1,
1729655,2015420035623,567178.0,184992.0,0.40922,51.539072,42,3,1,2,2015-12-15,3,23:40,462,E06000034,4,1007,6,60,0,-1,-1,0,0,0,4,2,2,0,0,2,1,E01015978,2012212004931,1,1,1,1,86,11,3,0,0,0,0,0,9,1,
1729656,2015420035624,587689.0,185368.0,0.704843,51.536008,42,3,1,1,2015-12-15,3,05:00,460,E06000033,6,0,2,30,9,3,6,0,0,0,4,2,2,0,0,1,1,E01015853,2012212004931,2,2,1,2,27,6,3,0,0,0,0,0,9,1,Southend-on-Sea
1729658,2015420035656,564550.0,185347.0,0.371527,51.543033,42,3,2,1,2015-12-16,4,07:15,462,E06000034,3,128,6,50,0,-1,-1,0,0,0,1,1,1,0,0,2,2,E01015978,2012212004936,1,1,3,1,26,6,3,5,1,0,0,0,0,1,
1729659,2015420035691,560952.0,179413.0,0.31698,51.490758,42,3,3,2,2015-12-15,3,16:27,462,E06000034,6,0,6,40,0,-1,-1,0,0,0,4,2,2,0,0,1,1,E01015939,2012212004938,2,1,1,1,31,6,3,0,0,0,0,0,8,1,
1729660,2015420035713,576373.0,188400.0,0.543378,51.566889,42,2,2,1,2015-12-15,3,17:45,450,E10000012,3,13,1,40,1,2,3,130,0,0,4,2,2,0,0,1,1,E01021312,2012212004946,2,1,1,1,41,7,3,0,0,0,0,0,5,1,
1729661,2015420035733,576625.0,192523.0,0.549083,51.603845,42,3,2,1,2015-12-16,4,07:40,450,E10000012,6,0,6,30,3,4,6,0,0,0,4,1,2,0,0,1,1,E01021335,2012212004947,2,1,1,1,40,7,3,0,0,0,0,0,9,3,
1729664,2015420035768,610886.0,223487.0,1.061866,51.870075,42,2,2,2,2015-12-16,4,13:37,461,E10000012,3,133,6,60,3,4,6,0,0,0,1,1,1,0,0,2,2,E01021993,2012212004954,2,1,1,1,41,7,3,0,0,0,0,0,9,3,
1729665,2015420035769,598637.0,224932.0,0.885023,51.887543,42,3,3,3,2015-12-16,4,16:16,455,E10000012,3,1124,6,30,3,4,6,0,0,0,4,1,1,0,0,1,1,E01021652,2012212004955,1,1,3,1,14,3,3,5,1,0,0,0,0,1,
1729667,2015420035771,541615.0,210150.0,0.051073,51.772116,42,2,3,2,2015-12-16,4,15:22,456,E10000012,6,0,6,40,0,-1,-1,0,0,0,1,1,2,0,0,2,1,E01021801,2012212004965,1,1,2,2,15,3,3,0,0,0,0,0,4,1,
1729668,2015420035772,621938.0,222146.0,1.221277,51.853753,42,3,2,4,2015-12-16,4,18:05,461,E10000012,4,1034,6,30,0,-1,-1,0,0,0,4,1,1,0,0,2,1,E01022009,2012212004973,2,2,1,2,36,7,3,0,0,0,0,0,9,1,
1729669,2015420035774,571113.0,213654.0,0.47993,51.79536,42,2,3,9,2015-12-15,3,18:39,454,E10000012,4,1008,6,60,0,-1,-1,0,0,0,6,2,2,0,0,2,2,E01021540,2012212004973,2,3,2,1,39,7,3,0,0,1,0,0,9,1,Chelmsford
1729670,2015420035775,617710.0,217199.0,1.156876,51.811006,42,3,2,2,2015-12-15,3,15:09,461,E10000012,4,1369,6,30,3,4,6,0,0,0,1,1,2,0,0,1,2,E01022040,2012212004973,2,4,2,2,23,5,3,0,0,2,0,0,9,1,
1729671,2015420035776,562739.0,220905.0,0.362017,51.862995,42,3,2,2,2015-12-16,4,23:00,463,E10000012,4,184,6,60,0,-1,-1,0,0,0,6,1,1,0,0,2,2,E01022068,2012212004973,3,1,1,2,45,7,3,0,0,0,0,0,9,1,Uttlesford
1729673,2015420035807,561052.0,180621.0,0.31897,51.501583,42,3,2,1,2015-12-17,5,06:00,462,E06000034,3,13,3,70,0,-1,-1,0,0,0,4,1,1,0,0,2,1,E01015993,2012212004975,2,2,2,2,29,6,3,0,0,1,0,0,9,1,
1729674,2015420035845,557513.0,178313.0,0.266996,51.481843,42,3,2,1,2015-12-16,4,12:45,462,E06000034,1,25,3,70,0,-1,-1,0,0,0,1,1,2,4,0,1,2,E01016012,2012212004978,2,1,2,2,25,5,3,0,0,1,0,0,9,1,
1729675,2015420035867,547855.0,205646.0,0.139532,51.730037,42,3,3,1,2015-12-16,4,17:37,456,E10000012,1,11,3,70,0,-1,-1,0,0,0,6,1,2,0,0,2,2,E01021768,2012212004983,2,1,1,1,21,5,3,0,0,0,0,0,9,1,Epping Forest
1729676,2015420035879,557836.0,180055.0,0.272422,51.497404,42,3,3,1,2015-12-17,5,07:20,462,E06000034,3,13,3,70,0,-1,-1,0,0,0,1,1,1,0,0,2,2,E01016012,2012212004984,1,2,2,2,50,8,3,0,0,1,0,0,9,1,
1729679,2015420035921,600358.0,225682.0,0.910432,51.893662,42,2,2,1,2015-12-16,4,21:05,455,E10000012,6,0,6,30,3,4,6,0,0,0,4,1,2,0,0,1,2,E01021647,2012212004984,2,1,2,1,42,7,3,0,0,1,0,0,9,1,
1729680,2015420035947,542969.0,193657.0,0.063929,51.623578,42,3,2,1,2015-12-17,5,16:25,456,E10000012,1,11,3,70,0,-1,-1,0,0,0,6,2,2,0,0,2,2,E01021751,2012212004984,2,5,1,1,20,4,3,0,0,0,0,0,9,1,Epping Forest
1729681,2015420035948,561950.0,177610.0,0.330517,51.474275,42,3,1,1,2015-12-17,5,15:35,462,E06000034,6,0,6,30,3,4,6,0,0,0,4,1,1,0,0,1,2,E01015952,2012212004988,1,1,1,1,63,9,3,0,0,0,0,0,9,1,
1729682,2015420035949,542391.0,196498.0,0.05674,51.649252,42,2,2,1,2015-12-17,5,16:10,456,E10000012,3,121,6,30,3,4,6,0,0,5,4,1,2,0,0,1,1,E01021791,2012212004991,1,1,1,1,17,4,2,0,0,0,0,0,1,-1,Epping Forest
1729683,2015420035952,558368.0,177676.0,0.279013,51.475881,42,3,1,1,2015-12-17,5,18:30,462,E06000034,6,0,6,30,0,-1,-1,0,0,0,4,2,2,0,0,1,2,E01016012,2012212004992,1,1,1,1,20,4,3,0,0,0,0,0,5,1,
1729685,2015420036079,563743.0,189432.0,0.361801,51.579966,42,3,2,1,2015-12-18,6,08:00,452,E10000012,3,127,3,70,0,-1,-1,0,0,0,1,1,2,0,0,2,2,E01021446,2012212004994,2,1,1,1,43,7,3,0,0,0,0,0,5,1,Brentwood
1729686,2015420036089,560382.0,194495.0,0.315651,51.626417,42,3,1,2,2015-12-17,5,21:25,452,E10000012,6,0,6,30,3,4,3,1023,0,0,4,1,2,0,0,1,1,E01021466,2012212004995,1,1,1,1,33,6,3,0,0,0,0,0,5,1,Brentwood
1729687,2015420036112,564842.0,179304.0,0.37291,51.488659,42,3,2,1,2015-12-18,6,12:25,462,E06000034,6,0,6,30,0,-1,-1,0,0,0,1,1,1,0,0,1,1,E01015936,2012212004996,1,1,1,2,27,6,3,0,0,0,0,0,9,1,
1729688,2015420036114,569205.0,190220.0,0.440935,51.585433,42,2,2,3,2015-12-17,5,18:55,450,E10000012,3,176,7,40,9,4,3,176,0,0,4,2,2,0,0,2,2,E01021262,2012212005000,2,1,1,1,21,5,3,0,0,0,0,0,1,1,
1729689,2015420036115,580094.0,198117.0,0.601995,51.652992,42,3,2,1,2015-12-16,4,18:50,454,E10000012,4,1012,1,40,1,4,4,1418,0,0,4,1,2,0,0,2,1,E01021614,2012212005003,1,1,2,2,62,9,3,0,0,1,0,0,9,1,Chelmsford
1729690,2015420036116,548301.0,199304.0,0.14329,51.672937,42,3,3,1,2015-12-18,6,17:26,456,E10000012,1,25,3,70,0,-1,-1,0,0,0,4,1,1,0,0,2,2,E01021800,2012212005003,2,2,1,1,20,4,3,0,0,0,0,0,9,1,Epping Forest
1729691,2015420036117,559293.0,193051.0,0.299276,51.613754,42,3,1,1,2015-12-18,6,01:00,452,E10000012,4,186,6,30,0,-1,-1,0,0,5,4,1,2,0,0,1,1,E01021436,2012212005006,1,1,3,2,32,6,3,1,2,0,0,0,0,1,Brentwood
1729692,2015420036120,578121.0,190712.0,0.569743,51.587107,42,3,3,1,2015-12-18,6,18:46,453,E10000012,3,127,7,50,0,-1,-1,0,0,0,4,1,2,0,0,2,2,E01021528,2012212005007,2,1,1,1,9,2,3,0,0,0,0,0,1,1,Castle Point
1729693,2015420036121,547838.0,201362.0,0.13747,51.69155,42,3,2,1,2015-12-18,6,17:27,456,E10000012,1,11,3,70,0,-1,-1,0,0,0,4,1,1,0,0,2,2,E01021800,2012212005009,2,1,1,1,22,5,3,0,0,0,0,0,3,1,Epping Forest
1729694,2015420036122,580306.0,190842.0,0.601315,51.58758,42,3,1,1,2015-12-18,6,23:41,459,E10000012,3,129,6,30,0,-1,-1,0,0,0,4,1,1,0,0,1,1,E01021964,2012212005010,1,1,1,1,66,10,3,0,0,0,0,0,9,1,
1729697,2015420036137,542325.0,207257.0,0.060173,51.745942,42,3,4,1,2015-12-17,5,08:11,456,E10000012,6,0,6,40,3,4,6,0,1,0,1,2,2,0,0,1,2,E01021741,2012212005013,2,3,2,2,15,3,3,0,0,2,0,0,9,1,Epping Forest
1729698,2015420036139,562189.0,185255.0,0.337468,51.542889,42,3,1,1,2015-12-18,6,07:20,462,E06000034,6,0,6,60,3,4,6,0,0,0,6,1,2,0,0,2,1,E01015978,2012212005022,1,1,1,2,38,7,3,0,0,0,0,0,1,1,
1729710,2015420036313,543095.0,197266.0,0.067222,51.655974,42,3,3,1,2015-12-18,6,11:40,456,E10000012,3,1168,6,30,2,4,3,121,0,1,1,1,1,0,0,1,1,E01021786,2012212005041,1,1,2,2,45,7,3,0,0,1,0,0,9,1,Epping Forest
1729724,2015420036482,570567.0,206276.0,0.468401,51.729252,42,3,1,1,2015-12-15,3,15:20,454,E10000012,4,1007,6,30,0,-1,-1,0,0,0,1,9,1,0,0,1,2,E01033140,2012212005077,1,2,2,2,17,4,3,0,0,1,0,0,9,-1,Chelmsford
1729726,2015420036553,581061.0,187047.0,0.610247,51.553252,42,3,2,1,2015-12-18,6,14:45,453,E10000012,3,13,2,30,5,4,6,0,0,5,1,1,1,0,0,1,2,E01021518,2012212005078,1,3,1,2,64,9,3,0,0,0,0,0,9,1,Castle Point
1729742,2015420036740,545976.0,202076.0,0.11085,51.698452,42,3,1,1,2015-12-15,3,12:50,456,E10000012,6,0,6,30,0,-1,-1,0,0,0,1,1,1,0,0,1,2,E01021757,2012212005107,2,4,1,2,45,7,3,0,0,0,0,0,9,1,Epping Forest
1729788,2015420037102,550416.0,241566.0,0.192238,52.052073,42,3,2,1,2015-12-17,5,17:00,463,E10000012,1,11,3,70,0,-1,-1,0,0,0,6,2,2,0,0,2,2,E01022071,2012212005183,1,3,1,1,21,5,3,0,0,0,0,0,9,2,Uttlesford
1733288,201543N100125,482292.0,213763.0,-0.807586,51.816447,43,3,1,1,2015-12-15,3,16:00,476,E10000002,3,41,1,30,1,4,3,41,0,1,4,2,2,0,0,1,2,E01017634,201222F201111,1,3,2,1,14,3,3,0,0,0,4,0,11,2,
1733338,201543N113125,490537.0,190491.0,-0.694046,51.605987,43,2,2,1,2015-12-16,4,07:33,480,E10000002,3,40,1,30,1,4,3,4094,0,0,4,2,2,0,0,1,1,E01017939,201222F201405,2,1,1,1,18,4,3,0,0,0,0,0,9,2,
1733354,201543N117125,492829.0,215016.0,-0.654433,51.826061,43,2,3,2,2015-12-15,3,17:52,476,E10000002,4,489,6,60,0,-1,-1,0,0,0,6,2,2,0,0,2,1,E01017651,201222F201581,2,1,1,1,43,7,2,0,0,0,0,0,1,1,
1733374,201543N122125,480735.0,194310.0,-0.834674,51.641807,43,3,2,1,2015-12-16,4,21:59,480,E10000002,3,40,6,60,3,4,5,87,0,0,6,1,2,0,0,2,1,E01017854,201222F201696,2,2,1,2,44,7,3,0,0,0,0,0,9,2,
1733387,201543N125125,482422.0,213157.0,-0.805845,51.810981,43,3,2,2,2015-12-15,3,16:14,476,E10000002,3,413,6,30,3,2,5,176,0,5,4,2,2,0,0,1,1,E01017637,201222F201757,1,1,1,1,21,5,3,0,0,0,0,0,9,3,
1733409,201543N131125,495366.0,189935.0,-0.624487,51.600193,43,3,2,1,2015-12-16,4,18:14,477,E10000002,3,355,3,70,0,-1,-1,0,0,0,4,2,2,0,0,2,1,E01017800,201222F201924,2,2,2,2,84,11,3,0,0,1,0,0,9,1,
1733436,201543N138125,473708.0,233181.0,-0.927944,51.992197,43,2,2,1,2015-12-16,4,17:23,476,E10000002,3,421,6,60,3,4,5,1,0,0,6,1,2,0,0,2,1,E01017671,201222F202110,1,3,2,1,5,1,3,0,0,2,0,0,9,1,
1733465,201543N148125,484303.0,204845.0,-0.780582,51.735984,43,3,3,2,2015-12-15,3,12:25,480,E10000002,5,77,9,60,0,-1,-1,0,0,0,1,8,2,1,0,2,1,E01017886,201222F202295,1,1,1,2,20,4,3,0,0,0,0,0,9,1,
1733529,201543N166125,479873.0,232452.0,-0.838347,51.984793,43,3,4,1,2015-12-17,5,06:45,476,E10000002,3,421,6,60,0,-1,-1,0,0,0,6,1,1,0,0,2,1,E01017672,201222F202695,1,1,3,1,74,10,3,5,1,0,0,0,0,1,
1733807,201543N226125,489398.0,196185.0,-0.709036,51.657352,43,3,2,2,2015-12-18,6,21:45,480,E10000002,5,91,6,30,3,4,6,2087,0,0,4,1,1,0,0,1,2,E01032610,201222F204273,2,1,1,1,20,4,3,0,0,0,0,0,1,1,
1733915,201543N244125,497630.0,182535.0,-0.593863,51.53329,43,3,2,1,2015-12-18,6,17:47,477,E10000002,6,13,6,40,8,4,6,966,0,0,6,1,2,0,0,1,1,E01017832,201222F204884,1,1,1,1,29,6,3,0,0,0,0,0,9,3,
1734598,201543P147125,449563.0,199052.0,-1.284428,51.688045,43,3,1,1,2015-12-15,3,16:00,483,E10000025,6,100,6,40,0,-1,-1,0,0,4,4,2,2,0,0,1,2,E01028694,2012231021612,1,1,3,2,49,8,2,6,9,0,0,0,0,1,Vale of White Horse
1734642,201543P160125,450934.0,206359.0,-1.263531,51.753615,43,3,2,1,2015-12-15,3,17:55,482,E10000025,3,4144,6,20,6,2,6,0,0,4,4,2,2,0,0,1,2,E01028521,2012231038812,2,1,1,1,36,7,3,0,0,0,0,0,9,1,Oxford
1734688,201543P169125,456549.0,228162.0,-1.178637,51.949086,43,3,1,1,2015-12-16,4,23:26,481,E10000025,6,367,6,60,0,-1,-1,0,0,0,6,1,2,0,0,2,1,E01028477,2012231052612,2,4,2,1,32,6,3,0,0,1,0,0,19,1,Cherwell
1734735,201543P178125,439371.0,239794.0,-1.427223,52.055138,43,3,1,2,2015-12-17,5,02:21,481,E10000025,6,346,6,60,0,-1,-1,0,0,0,6,8,2,0,0,2,1,E01028509,2012231067812,2,1,1,1,45,7,3,0,0,0,0,0,1,1,Cherwell
1734743,201543P180125,455168.0,219110.0,-1.200174,51.867848,43,3,3,1,2015-12-16,4,10:27,481,E10000025,3,34,3,70,0,-1,-1,0,0,0,1,8,1,0,0,2,1,E01028424,2012231070812,1,1,1,2,34,6,3,0,0,0,0,0,3,1,Cherwell
1734762,201543P185125,450853.0,208858.0,-1.264339,51.776089,43,2,2,1,2015-12-18,6,13:25,482,E10000025,3,4165,6,20,3,4,6,0,0,4,1,1,1,0,0,1,1,E01028583,2012231085212,2,1,1,1,84,11,3,0,0,0,0,0,9,3,Oxford