,Accident_Index_x,Location_Easting_OSGR,Location_Northing_OSGR,Longitude,Latitude,Police_Force,Accident_Severity,Number_of_Vehicles,Number_of_Casualties,Date,Day_of_Week,Time,Local_Authority_(District),Local_Authority_(Highway),1st_Road_Class,1st_Road_Number,Road_Type,Speed_limit,Junction_Detail,Junction_Control,2nd_Road_Class,2nd_Road_Number,Pedestrian_Crossing-Human_Control,Pedestrian_Crossing-Physical_Facilities,Light_Conditions,Weather_Conditions,Road_Surface_Conditions,Special_Conditions_at_Site,Carriageway_Hazards,Urban_or_Rural_Area,Did_Police_Officer_Attend_Scene_of_Accident,LSOA_of_Accident_Location,Accident_Index_y,Vehicle_Reference,Casualty_Reference,Casualty_Class,Sex_of_Casualty,Age_of_Casualty,Age_Band_of_Casualty,Casualty_Severity,Pedestrian_Location,Pedestrian_Movement,Car_Passenger,Bus_or_Coach_Passenger,Pedestrian_Road_Maintenance_Worker,Casualty_Type,Casualty_Home_Area_Type,city
1734768,201543P187125,446683.0,233724.0,-1.321417,52.000003,43,1,4,2,2015-12-18,6,07:28,481,E10000025,3,4260,6,60,8,4,6,0,0,0,6,1,1,0,0,2,1,E01028423,2012231087512,1,1,1,2,30,6,3,0,0,0,0,0,9,1,Cherwell
1734784,201543P192125,449387.0,197770.0,-1.287155,51.676534,43,3,2,1,2015-12-16,4,20:26,483,E10000025,6,100,6,30,3,4,4,4017,0,1,4,1,2,0,0,1,1,E01028700,2012231092912,1,1,1,1,21,5,3,0,0,0,0,0,9,1,Vale of White Horse
1734804,201543P196125,458599.0,191140.0,-1.155052,51.616045,43,3,2,1,2015-12-16,4,13:39,484,E10000025,3,4130,6,50,3,4,6,0,0,0,1,1,1,0,0,2,1,E01028607,2012231099212,1,6,2,2,17,4,3,0,0,2,0,0,9,-1,South Oxfordshire
1734811,201543P197125,437950.0,187503.0,-1.453659,51.585112,43,3,3,2,2015-12-16,4,17:42,483,E10000025,4,4507,6,60,3,4,6,0,0,0,6,1,2,7,0,2,1,E01028720,2012231101012,1,1,1,1,30,6,3,0,0,0,0,0,1,1,Vale of White Horse
1734840,201543P203125,455079.0,219023.0,-1.20148,51.867074,43,3,2,3,2015-12-18,6,12:45,481,E10000025,3,34,3,70,0,-1,-1,0,0,0,1,1,1,0,0,2,1,E01028424,2012231110312,2,2,1,2,52,8,3,0,0,0,0,0,9,1,Cherwell
1734844,201543P204125,448496.0,197364.0,-1.300096,51.672961,43,3,2,1,2015-12-15,3,17:17,483,E10000025,6,100,1,30,1,4,6,0,0,0,4,1,2,0,0,1,1,E01028698,2012231112512,1,2,2,2,23,5,3,0,0,2,0,0,9,3,Vale of White Horse
1734867,201543P209125,450929.0,187261.0,-1.266381,51.581915,43,3,3,3,2015-12-16,4,15:54,483,E10000025,3,417,6,50,0,-1,-1,0,0,0,6,1,1,0,0,2,1,E01028712,2012231122412,1,1,1,2,22,5,3,0,0,0,0,0,9,3,Vale of White Horse
1734883,201543P212125,448057.0,205956.0,-1.305262,51.750245,43,2,1,1,2015-12-18,6,11:25,483,E10000025,4,4044,6,30,0,-1,-1,0,0,0,1,1,1,0,0,1,1,E01028709,2012231129212,1,1,1,2,79,11,3,0,0,0,0,0,9,3,Vale of White Horse
1734920,201543P220125,453993.0,217881.0,-1.217429,51.856914,43,3,1,1,2015-12-17,5,14:23,481,E10000025,3,34,3,70,5,4,3,34,0,0,1,2,2,0,0,2,1,E01028497,2012232055912,3,1,2,1,20,4,3,0,0,1,0,0,9,1,Cherwell
1734974,201543P231125,448290.0,205963.0,-1.301886,51.750288,43,2,2,1,2015-12-18,6,16:34,483,E10000025,4,4044,6,30,3,4,6,0,0,0,4,1,1,0,0,1,1,E01028742,2012232513312,2,1,1,1,19,4,3,0,0,0,0,0,3,2,Oxford
1735028,201543P246125,460689.0,189484.0,-1.125156,51.600936,43,3,1,1,2015-12-18,6,13:33,484,E10000025,6,390,6,30,0,-1,-1,0,0,0,1,1,1,0,0,1,1,E01028677,2012232528812,2,1,1,2,37,7,3,0,0,0,0,0,9,-1,South Oxfordshire
1735065,201543P254125,446060.0,239980.0,-1.329651,52.056296,43,3,2,1,2015-12-15,3,06:40,481,E10000025,6,120,6,30,3,4,6,0,0,0,4,2,2,0,0,1,1,E01028429,2012232537812,2,1,1,1,50,8,3,0,0,0,0,0,5,-1,Cherwell
1735157,201543P275125,452860.0,206623.0,-1.235592,51.75581,43,3,1,1,2015-12-18,6,12:30,482,E10000025,4,4150,6,30,0,-1,-1,0,0,0,1,1,1,0,0,2,1,E01028582,2012232560212,1,4,2,1,19,4,3,0,0,2,0,0,9,-1,Oxford
1735371,201543P318125,449844.0,198271.0,-1.280475,51.680998,43,3,1,1,2015-12-18,6,13:06,483,E10000025,6,100,6,30,3,4,6,0,1,0,1,1,1,0,0,1,1,E01028700,2012232619012,2,1,2,2,22,5,3,0,0,2,0,0,9,1,Vale of White Horse
1735920,201543R101125,497215.0,181019.0,-0.600262,51.519735,43,3,2,1,2015-12-15,3,16:00,473,E06000039,6,7302,6,30,6,2,6,7302,0,0,1,1,1,0,0,1,2,E01016447,2012233105012,2,1,1,1,37,7,3,0,0,0,0,0,9,1,
1735962,201543R112125,496416.0,179765.0,-0.612117,51.508599,43,3,2,1,2015-12-16,4,10:10,473,E06000039,3,355,1,40,1,4,6,7302,0,0,1,1,1,0,0,1,1,E01016465,2012233117312,2,2,1,1,46,8,3,0,0,0,0,0,9,3,
1735966,201543R113125,501819.0,178151.0,-0.534756,51.493145,43,2,3,2,2015-12-15,3,18:52,473,E06000039,1,4,3,70,0,-1,-1,0,0,0,4,2,2,0,0,1,1,E01016479,2012233118512,1,1,1,2,36,7,2,0,0,0,0,0,9,3,
1736057,201543R137125,485131.0,183726.0,-0.773726,51.546017,43,3,2,1,2015-12-15,3,22:10,474,E06000040,3,308,6,50,0,-1,-1,0,0,0,6,1,2,0,0,2,1,E01016531,2012233511012,2,2,1,1,38,7,3,0,0,0,0,0,9,1,
1736061,201543R138125,497625.0,180023.0,-0.59463,51.510711,43,3,1,1,2015-12-15,3,16:30,473,E06000039,3,4,6,30,6,2,4,416,0,5,4,2,2,0,0,1,2,E01016456,2012233511512,2,1,1,1,41,7,3,0,0,0,0,0,8,1,
1736094,201543R148125,493380.0,182019.0,-0.655253,51.52937,43,3,2,1,2015-12-16,4,17:16,473,E06000039,6,7302,6,30,3,4,6,7302,0,0,4,1,1,0,0,1,1,E01016496,2012233536312,2,1,1,1,50,8,3,0,0,0,0,0,9,1,
1736105,201543R150125,485971.0,166132.0,-0.765889,51.38773,43,3,5,1,2015-12-16,4,08:00,470,E06000036,4,3430,6,50,0,-1,-1,0,0,0,1,1,2,0,0,2,1,E01016207,2012233543412,3,3,1,1,25,5,3,0,0,0,0,0,9,2,
1736115,201543R152125,495653.0,180174.0,-0.622997,51.512405,43,3,1,1,2015-12-17,5,17:56,473,E06000039,6,7302,6,30,3,2,6,7302,0,0,4,1,2,0,0,1,1,E01016474,2012233555112,1,1,3,1,11,3,3,5,1,0,0,0,0,1,
1736156,201543R162125,488351.0,169111.0,-0.730953,51.414144,43,3,2,1,2015-12-17,5,20:10,470,E06000036,6,7002,6,30,0,-1,-1,0,0,0,4,2,2,0,0,1,1,E01032728,2012233576412,1,1,1,1,77,11,3,0,0,0,0,0,9,1,
1736168,201543R165125,484020.0,166036.0,-0.793943,51.387159,43,3,2,2,2015-12-17,5,19:23,470,E06000036,6,7002,6,60,8,4,6,0,0,0,6,1,2,0,0,2,1,E01016213,2012233582812,1,1,1,1,12,3,3,0,0,0,0,0,1,1,
1736174,201543R166125,498617.0,179782.0,-0.580408,51.508373,43,2,1,1,2015-12-18,6,12:50,473,E06000039,3,412,1,30,1,2,3,4,0,5,1,1,1,0,0,1,1,E01016456,2012233586212,1,1,2,1,20,4,3,0,0,1,0,0,9,1,
1736190,201543R169125,496738.0,181987.0,-0.606869,51.528518,43,3,1,1,2015-12-15,3,08:55,473,E06000039,6,7302,6,30,0,-1,-1,0,0,0,1,1,2,0,0,1,2,E01016449,2012233595812,2,1,1,2,45,7,3,0,0,0,0,0,9,-1,
1736212,201543R176125,491163.0,168840.0,-0.690599,51.411264,43,3,2,1,2015-12-17,5,07:45,474,E06000040,3,329,6,40,0,-1,-1,0,0,0,6,1,1,0,0,2,1,E01016522,2012233606512,1,1,1,2,17,4,3,0,0,0,0,0,3,1,
1736317,201543R202125,488788.0,167423.0,-0.725093,51.398902,43,3,1,1,2015-12-17,5,12:48,470,E06000036,4,3430,6,40,0,-1,-1,0,0,0,1,1,2,0,0,1,1,E01016181,2012233662612,1,1,2,1,47,8,3,0,0,1,0,0,9,-1,
1736331,201543R205125,495294.0,180838.0,-0.627989,51.518435,43,3,2,1,2015-12-15,3,08:49,473,E06000039,6,7302,6,30,3,4,6,7302,0,0,1,1,1,0,0,1,1,E01016486,2012233666012,1,1,1,1,24,5,3,0,0,0,0,0,9,3,
1736947,201543S095125,484711.0,234694.0,-0.767363,52.00423,43,3,2,1,2015-12-15,3,08:30,479,E06000042,5,9,6,40,3,4,6,1043,0,0,1,8,2,0,0,2,1,E01016754,201230B001923,1,1,3,2,10,2,3,5,1,0,0,0,0,1,
1736951,201543S096125,485518.0,236808.0,-0.755082,52.023109,43,3,2,2,2015-12-16,4,14:39,479,E06000042,5,156,3,70,3,4,6,1069,0,0,1,1,2,0,0,1,1,E01016844,201230B001926,1,1,2,2,2,1,3,0,0,2,0,0,9,2,
1736992,201543S104125,485559.0,242891.0,-0.752964,52.077779,43,3,2,2,2015-12-18,6,22:00,479,E06000042,5,140,6,40,6,2,6,1145,0,0,4,1,1,0,0,1,1,E01016767,201230B002229,1,1,1,1,52,8,3,0,0,0,0,0,1,1,
1736997,201543S105125,491252.0,239808.0,-0.67074,52.049161,43,3,2,1,2015-12-18,6,07:00,479,E06000042,1,1,3,70,0,-1,-1,0,0,0,6,1,1,0,0,2,1,E01016803,201230B002234,1,1,1,1,52,8,3,0,0,0,0,0,9,1,
1737038,201543S116125,482605.0,237663.0,-0.79732,52.031235,43,2,2,2,2015-12-16,4,15:50,479,E06000042,5,129,6,60,3,4,6,1056,0,0,5,1,2,0,0,1,1,E01016778,201230B002259,3,2,1,1,51,8,3,0,0,0,0,0,9,1,
1737068,201543S122125,485898.0,238082.0,-0.749226,52.034501,43,3,1,1,2015-12-16,4,14:35,479,E06000042,6,1069,6,30,0,-1,-1,0,0,0,1,1,2,0,0,1,1,E01016729,201230B002545,2,2,1,1,43,7,3,0,0,0,0,0,9,-1,
1737216,201543S168125,487274.0,237091.0,-0.729425,52.025379,43,3,2,1,2015-12-17,5,22:50,479,E06000042,3,421,3,70,1,4,5,158,0,0,7,1,1,0,0,2,3,E01016784,201230C000125,1,1,1,1,48,8,3,0,0,0,0,0,9,2,
1737219,201543S169125,483924.0,241170.0,-0.777238,52.06256,43,3,1,1,2015-12-18,6,15:40,479,E06000042,6,1132,6,30,0,-1,-1,0,0,0,1,1,1,0,0,1,3,E01016806,201230C000126,2,2,2,2,20,4,3,0,0,1,0,0,9,1,
1737617,201543W110125,472579.0,172783.0,-0.956949,51.449391,43,3,2,1,2015-12-16,4,08:00,472,E06000038,6,7201,6,30,8,4,6,0,0,0,1,1,1,0,0,1,2,E01016414,201230C001002,2,2,1,2,39,7,3,0,0,0,0,0,9,1,
1737673,201543W129125,479963.0,177877.0,-0.849562,51.494192,43,3,2,2,2015-12-15,3,18:01,475,E06000041,3,4,6,40,3,4,3,3032,0,0,4,2,2,0,0,2,1,E01016678,201230C001042,1,1,2,1,30,6,3,0,0,1,0,0,9,-1,
1737676,201543W130125,447635.0,167791.0,-1.316539,51.407151,43,2,2,1,2015-12-16,4,20:10,471,E06000037,4,4009,6,30,0,-1,-1,0,0,4,4,2,2,0,0,1,1,E01016346,201230C001045,2,1,1,1,17,4,3,0,0,0,0,0,9,1,
1737679,201543W131125,447227.0,165284.0,-1.322737,51.384645,43,3,1,1,2015-12-15,3,15:52,471,E06000037,6,7139,6,30,0,-1,-1,0,0,0,4,2,2,6,0,2,1,E01016321,201230C001048,2,1,1,2,23,5,3,0,0,0,0,0,1,1,
1737759,201543W153125,449311.0,179858.0,-1.290766,51.515501,43,3,2,2,2015-12-17,5,16:51,471,E06000037,3,34,3,70,0,-1,-1,0,0,0,6,1,2,0,0,2,1,E01016288,201230C001322,2,2,2,1,16,4,2,0,0,1,0,0,9,-1,
1737773,201543W158125,480512.0,169048.0,-0.843662,51.414744,43,3,1,1,2015-12-18,6,21:06,475,E06000041,3,329,6,30,0,-1,-1,0,0,4,4,1,1,0,0,2,1,E01016626,201230C001335,2,2,1,1,53,8,3,0,0,0,0,0,9,2,
1737776,201543W159125,459152.0,181110.0,-1.148751,51.525814,43,3,2,1,2015-12-16,4,12:17,471,E06000037,3,329,6,60,0,-1,-1,0,0,0,1,1,2,0,0,2,1,E01016257,201230C001337,2,1,1,1,-1,-1,2,0,0,0,0,0,3,1,
1737825,201543W172125,470624.0,172321.0,-0.98517,51.445485,43,3,1,1,2015-12-17,5,09:13,472,E06000038,6,7201,6,30,3,4,6,7201,0,1,1,1,1,0,0,1,1,E01016388,201230C001377,2,1,1,1,51,8,3,0,0,0,0,0,9,1,
1737904,201543W194125,472443.0,169793.0,-0.959517,51.422528,43,3,2,1,2015-12-18,6,13:00,472,E06000038,6,7201,6,30,3,4,6,7201,0,0,1,1,1,0,0,1,2,E01016438,201230C001662,1,1,1,2,17,4,3,0,0,0,0,0,9,-1,
1738055,201543W233125,466800.0,170157.0,-1.040593,51.426493,43,2,3,1,2015-12-15,3,13:15,471,E06000037,1,4,3,70,0,-1,-1,0,0,0,1,1,2,0,0,2,1,E01016269,201230C001990,1,1,1,1,39,7,2,0,0,0,0,0,3,-1,
1742310,2015440438207,430891.0,146120.0,-1.559128,51.213453,44,3,2,2,2015-12-15,3,07:00,501,E10000014,3,303,3,70,5,4,6,0,0,0,4,1,1,0,0,2,1,E01023159,201231C186512,2,1,1,1,36,7,3,0,0,0,0,0,2,1,Test Valley
1742311,2015440438315,460716.0,99467.0,-1.139964,50.791599,44,3,2,1,2015-12-15,3,08:40,493,E10000014,4,3333,2,30,3,4,4,3333,0,0,1,2,2,0,0,1,1,E01022797,201231C186712,2,1,2,2,29,6,3,0,0,1,0,0,9,1,
1742313,2015440438689,472041.0,106192.0,-0.977998,50.85077,44,3,2,2,2015-12-15,3,11:55,495,E10000014,6,0,6,30,0,-1,-1,0,0,0,1,1,2,0,0,1,1,E01022954,201231C186712,2,3,1,1,30,6,3,0,0,0,0,0,9,1,
1742314,2015440439041,470801.0,107960.0,-0.995268,50.866819,44,3,2,1,2015-12-15,3,14:40,495,E10000014,6,0,6,30,3,4,6,0,0,0,1,1,2,0,0,1,1,E01022970,201231C186812,2,1,1,1,41,7,3,0,0,0,0,0,9,1,
1742316,2015440439321,459514.0,92394.0,-1.158157,50.728126,44,2,1,1,2015-12-15,3,17:00,505,E06000046,6,0,6,30,0,-1,-1,0,0,0,4,2,2,0,0,1,1,E01017335,201231C187412,1,1,1,1,39,7,3,0,0,0,0,0,9,1,
1742317,2015440439332,438257.0,113698.0,-1.457096,50.921478,44,3,2,1,2015-12-15,3,17:25,500,E06000045,6,0,6,30,2,4,6,0,0,0,4,2,2,0,0,1,1,E01017210,201231C187512,2,1,1,1,20,4,3,0,0,0,0,0,1,1,Southampton
1742318,2015440439384,464283.0,103759.0,-1.088613,50.829806,44,2,3,1,2015-12-15,3,17:40,498,E06000044,1,275,3,70,0,-1,-1,0,0,0,6,2,2,0,0,2,1,E01017113,201231C187612,2,1,2,2,37,7,3,0,0,2,0,0,9,1,Portsmouth
1742319,2015440439432,487572.0,157236.0,-0.745072,51.307514,44,2,1,1,2015-12-15,3,18:15,499,E10000014,3,331,3,70,0,-1,-1,0,0,0,6,2,2,0,0,1,1,E01023103,201231C187712,1,1,1,1,20,4,3,0,0,0,0,0,3,1,Rushmoor
1742320,2015440439441,461054.0,109944.0,-1.133426,50.885767,44,3,3,3,2015-12-15,3,17:55,502,E10000014,4,2177,6,60,3,4,6,0,0,0,6,2,2,0,0,2,1,E01023224,201231C187812,1,1,2,2,25,5,3,0,0,1,0,0,9,1,Winchester
1742321,2015440439473,464137.0,100317.0,-1.091287,50.798874,44,3,2,1,2015-12-15,3,20:00,498,E06000044,6,0,6,30,2,4,6,0,0,0,4,1,2,0,0,1,1,E01017034,201231C187812,1,2,2,2,22,5,3,0,0,2,0,0,9,1,Portsmouth
1742322,2015440439498,445502.0,114901.0,-1.35388,50.931771,44,3,2,1,2015-12-15,3,17:50,491,E10000014,6,0,6,30,1,4,6,0,0,0,4,1,1,0,0,1,2,E01022716,201231C187912,2,1,2,1,67,10,3,0,0,0,0,0,90,1,Eastleigh
1742323,2015440439499,439495.0,117929.0,-1.439027,50.95944,44,3,3,1,2015-12-15,3,17:00,501,E10000014,1,27,3,70,0,-1,-1,0,0,0,6,1,1,0,0,2,2,E01023171,201231C188412,1,1,1,2,26,6,3,0,0,0,0,0,5,1,Test Valley
1742324,2015440439502,442389.0,106151.0,-1.399187,50.853328,44,3,2,1,2015-12-15,3,19:37,496,E10000014,6,0,6,40,3,4,6,0,0,8,4,5,2,0,0,1,1,E01023004,201231C188612,2,1,1,1,-1,-1,3,0,0,0,0,0,9,1,New Forest
1742325,2015440439526,459823.0,100983.0,-1.152385,50.805323,44,3,2,1,2015-12-15,3,20:35,493,E10000014,3,32,6,30,3,4,6,0,0,0,4,1,2,0,0,1,1,E01022817,201231C188612,4,2,1,1,17,4,3,0,0,0,0,0,9,1,
1742326,2015440439527,449028.0,113798.0,-1.303857,50.921565,44,2,2,1,2015-12-15,3,16:50,491,E10000014,6,0,6,30,3,4,6,0,0,0,7,2,2,0,0,1,2,E01022700,201231C188712,2,1,1,1,57,9,3,0,0,0,0,0,9,1,Eastleigh
1742327,2015440439612,435817.0,113271.0,-1.49185,50.917795,44,3,1,1,2015-12-15,3,21:56,496,E10000014,3,336,1,30,1,4,6,0,0,0,4,1,2,0,7,1,1,E01023074,201231C188912,1,1,3,2,-1,-1,3,1,1,0,0,0,0,-1,New Forest
1742328,2015440439875,457728.0,103385.0,-1.181736,50.827133,44,3,1,1,2015-12-16,4,07:00,493,E10000014,6,0,6,30,3,4,6,0,0,0,4,1,2,0,0,1,1,E01022800,201231C189312,1,1,1,1,-1,-1,3,0,0,0,0,0,5,1,
1742329,2015440439916,480691.0,141683.0,-0.847264,51.168708,44,3,2,1,2015-12-16,4,07:58,497,E10000014,3,325,6,50,3,4,6,0,0,0,6,1,1,0,0,2,1,E01022581,201231C189812,2,1,2,2,12,3,3,0,0,0,3,0,11,-1,East Hampshire
1742330,2015440439923,470183.0,106654.0,-1.004298,50.855152,44,3,2,1,2015-12-16,4,08:42,495,E10000014,4,2177,6,30,3,4,6,0,0,0,1,1,1,0,0,1,1,E01022909,201231C190012,2,1,2,2,-1,-1,3,0,0,0,4,0,11,-1,
1742331,2015440439974,467072.0,107134.0,-1.048401,50.859836,44,3,2,2,2015-12-16,4,09:05,495,E10000014,3,3,6,30,3,4,6,0,0,0,1,1,1,0,0,1,1,E01022947,201231C190112,1,1,3,1,9,2,3,5,3,0,0,0,0,-1,
1742332,2015440440510,463991.0,152055.0,-1.084238,51.264069,44,3,2,1,2015-12-16,4,14:11,490,E10000014,6,0,6,30,3,4,6,0,0,4,1,1,1,0,0,1,1,E01032847,201231C190412,1,1,3,1,7,2,3,5,3,0,0,0,0,-1,Basingstoke and Deane
1742333,2015440440738,440907.0,115119.0,-1.419238,50.934075,44,3,1,1,2015-12-16,4,10:15,500,E06000045,3,35,1,30,1,4,6,0,0,0,1,1,2,0,0,1,2,E01017252,201231C190712,1,1,1,1,50,8,3,0,0,0,0,0,21,1,Southampton
1742334,2015440440797,460149.0,150020.0,-1.139638,51.246191,44,3,1,1,2015-12-16,4,15:30,490,E10000014,6,0,6,30,0,-1,-1,0,0,4,1,1,1,0,0,1,1,E01022516,201231C191212,2,1,2,1,33,6,3,0,0,1,0,0,9,1,Basingstoke and Deane
1742335,2015440440876,478496.0,125952.0,-0.882068,51.027586,44,3,2,1,2015-12-16,4,16:55,497,E10000014,4,2070,6,60,0,-1,-1,0,0,0,6,1,1,0,0,2,1,E01022618,201231C191712,1,1,1,2,41,7,3,0,0,0,0,0,9,1,East Hampshire
1742336,2015440440893,439532.0,85863.0,-1.441945,50.671097,44,2,2,2,2015-12-16,4,16:35,505,E06000046,4,3401,6,60,3,4,4,3399,0,0,6,2,2,0,0,2,1,E01017290,201231C191712,2,2,1,2,25,5,3,0,0,0,0,0,9,1,
1742337,2015440440927,465402.0,104517.0,-1.072592,50.836497,44,3,2,1,2015-12-16,4,17:40,498,E06000044,3,3,6,30,1,4,3,397,0,0,7,1,1,0,0,1,2,E01017089,201231C192612,1,1,1,1,20,4,3,0,0,0,0,0,19,1,Portsmouth
1742338,2015440440969,446732.0,119090.0,-1.335842,50.969339,44,2,2,2,2015-12-16,4,18:00,491,E10000014,4,3037,6,30,3,4,6,0,0,0,4,1,1,0,0,1,1,E01022650,201231C192612,1,3,3,2,52,8,2,6,9,0,0,0,0,1,Eastleigh
1742339,2015440441012,450120.0,88778.0,-1.291731,50.696495,44,3,2,1,2015-12-16,4,19:14,505,E06000046,4,3341,6,30,3,4,6,0,0,0,4,2,2,0,0,1,1,E01017327,201231C192612,2,2,2,2,61,9,2,0,0,1,0,0,9,1,
1742340,2015440441051,447862.0,130180.0,-1.31829,51.068963,44,3,2,1,2015-12-16,4,19:20,502,E10000014,4,3420,6,30,0,-1,-1,0,0,0,7,1,2,0,0,1,1,E01023267,201231C192912,2,1,1,1,43,7,2,0,0,0,0,0,1,1,Winchester
1742341,2015440441089,470454.0,129146.0,-0.996102,51.057343,44,2,2,2,2015-12-16,4,19:00,497,E10000014,6,0,6,60,0,-1,-1,0,0,0,6,2,2,0,0,2,1,E01022597,201231C193512,1,1,2,2,29,6,3,0,0,1,0,0,19,1,East Hampshire
1742342,2015440441335,481520.0,149343.0,-0.833672,51.237455,44,3,2,1,2015-12-16,4,22:45,494,E10000014,3,287,6,60,6,4,6,0,0,0,6,1,1,0,0,2,1,E01022856,201231C193712,2,1,2,2,23,5,3,0,0,1,0,0,9,-1,Hart
1742343,2015440441338,426757.0,110497.0,-1.620934,50.89334,44,1,1,1,2015-12-16,4,23:53,496,E10000014,6,0,6,40,0,-1,-1,0,0,0,6,2,2,0,0,2,1,E01022993,201231C193912,2,1,1,1,58,9,3,0,0,0,0,0,9,1,New Forest
1742344,2015440441526,455300.0,107006.0,-1.21566,50.859928,44,3,2,1,2015-12-17,5,07:55,492,E10000014,6,0,6,30,3,4,6,0,0,0,4,1,1,0,0,1,1,E01022734,201231C194612,2,1,1,2,29,6,3,0,0,0,0,0,9,1,
1742345,2015440441600,419328.0,98573.0,-1.727184,50.78641,44,3,2,1,2015-12-17,5,08:45,496,E10000014,6,0,6,30,3,4,6,0,0,0,1,1,1,0,0,2,1,E01022996,201231C194612,2,2,2,1,41,7,3,0,0,1,0,0,9,1,New Forest
1742346,2015440441776,464340.0,151000.0,-1.079427,51.254545,44,3,2,1,2015-12-17,5,11:45,490,E10000014,3,339,1,40,1,4,3,339,0,0,1,1,1,0,0,1,1,E01022507,201231C195512,1,1,3,2,18,4,3,5,1,0,0,0,0,1,Basingstoke and Deane
1742347,2015440441922,468442.0,107206.0,-1.028925,50.860323,44,3,1,1,2015-12-17,5,13:10,495,E10000014,6,0,6,30,0,-1,-1,0,0,4,1,1,1,0,0,1,1,E01022949,201231C195712,2,1,1,1,51,8,3,0,0,0,0,0,5,1,
1742348,2015440442123,451416.0,162672.0,-1.262923,51.360797,44,3,3,1,2015-12-17,5,14:40,490,E10000014,3,339,6,40,3,4,6,0,0,0,1,1,2,0,0,2,1,E01022522,201231C196812,2,1,1,1,27,6,3,0,0,0,0,0,1,1,Basingstoke and Deane
1742349,2015440442232,460337.0,148865.0,-1.137139,51.235786,44,3,2,1,2015-12-17,5,07:40,490,E10000014,6,0,6,30,0,-1,-1,0,0,0,4,1,1,0,0,1,2,E01032850,201231C197012,1,1,2,2,75,10,3,0,0,1,0,0,9,1,Basingstoke and Deane
1742350,2015440442296,449488.0,95568.0,-1.299769,50.757605,44,3,2,1,2015-12-17,5,15:38,505,E06000046,6,0,6,30,6,4,6,0,0,0,1,2,2,0,0,1,1,E01017303,201231C197212,2,1,1,2,24,5,3,0,0,0,0,0,9,-1,
1742351,2015440442393,487137.0,157327.0,-0.751289,51.308399,44,3,2,1,2015-12-17,5,16:25,499,E10000014,4,3272,6,40,3,4,6,0,0,0,4,1,1,0,0,1,1,E01023103,201231C197812,2,1,1,1,29,6,3,0,0,0,0,0,3,1,Rushmoor
1742352,2015440442454,462467.0,153898.0,-1.105757,51.280808,44,3,2,1,2015-12-17,5,17:25,490,E10000014,3,340,3,50,3,2,6,0,0,0,4,1,2,0,0,1,1,E01032840,201231C197912,2,1,2,2,-1,-1,3,0,0,0,0,0,18,-1,Basingstoke and Deane
1742353,2015440442489,431511.0,129842.0,-1.551671,51.067051,44,3,2,2,2015-12-17,5,17:40,501,E10000014,4,3084,6,60,0,-1,-1,0,0,0,6,1,2,0,0,2,1,E01023177,201231C197912,2,2,2,2,46,8,3,0,0,0,0,0,18,1,Test Valley
1742354,2015440442530,452310.0,106806.0,-1.258167,50.858408,44,3,2,1,2015-12-17,5,17:46,492,E10000014,6,0,1,30,2,4,6,0,0,0,4,1,2,0,0,1,1,E01022789,201231C197912,2,3,2,1,63,9,3,0,0,0,0,0,18,1,
1742355,2015440442584,468881.0,106294.0,-1.02286,50.852071,44,2,2,2,2015-12-17,5,19:31,498,E06000044,4,2177,6,40,0,-1,-1,0,0,0,6,1,2,0,0,1,1,E01017062,201231C197912,2,4,2,2,30,6,3,0,0,0,0,0,18,-1,
1742356,2015440442599,463728.0,99176.0,-1.097287,50.78866,44,3,2,1,2015-12-17,5,19:50,498,E06000044,3,288,6,30,3,4,6,0,0,0,4,1,1,0,0,1,1,E01017131,201231C198212,2,1,1,2,44,7,3,0,0,0,0,0,9,1,Portsmouth
1742357,2015440442658,442189.0,116394.0,-1.400848,50.945447,44,3,1,1,2015-12-17,5,20:40,500,E06000045,6,0,6,30,0,-1,-1,0,0,0,4,1,2,0,0,1,1,E01017148,201231C198312,2,1,2,1,2,1,3,0,0,2,0,0,9,1,Southampton