,Accident_Index_x,Location_Easting_OSGR,Location_Northing_OSGR,Longitude,Latitude,Police_Force,Accident_Severity,Number_of_Vehicles,Number_of_Casualties,Date,Day_of_Week,Time,Local_Authority_(District),Local_Authority_(Highway),1st_Road_Class,1st_Road_Number,Road_Type,Speed_limit,Junction_Detail,Junction_Control,2nd_Road_Class,2nd_Road_Number,Pedestrian_Crossing-Human_Control,Pedestrian_Crossing-Physical_Facilities,Light_Conditions,Weather_Conditions,Road_Surface_Conditions,Special_Conditions_at_Site,Carriageway_Hazards,Urban_or_Rural_Area,Did_Police_Officer_Attend_Scene_of_Accident,LSOA_of_Accident_Location,Accident_Index_y,Vehicle_Reference,Casualty_Reference,Casualty_Class,Sex_of_Casualty,Age_of_Casualty,Age_Band_of_Casualty,Casualty_Severity,Pedestrian_Location,Pedestrian_Movement,Car_Passenger,Bus_or_Coach_Passenger,Pedestrian_Road_Maintenance_Worker,Casualty_Type,Casualty_Home_Area_Type,city
1764821,201554B329115,413325.0,188320.0,-1.809039,51.593573,54,3,3,2,2015-12-16,4,19:15,633,E06000030,4,4534,6,30,2,4,6,0,0,0,4,1,1,0,0,1,2,E01015513,20124100K0209,3,1,1,1,19,4,3,0,0,0,0,0,1,-1,
1764822,201554B331815,387764.0,151325.0,-2.176741,51.260951,54,3,2,1,2015-12-17,5,14:51,635,E06000054,6,0,6,30,3,4,6,0,0,0,1,1,1,0,0,1,1,E01032121,20124100K0211,1,1,2,1,43,7,3,0,0,1,0,0,9,1,
1764823,201554B339415,384745.0,161177.0,-2.220432,51.349464,54,2,2,1,2015-12-17,5,17:50,635,E06000054,4,3107,6,50,3,4,4,3105,0,0,6,1,2,0,0,2,1,E01032058,20124100K0212,2,1,1,2,48,8,3,0,0,0,0,0,9,-1,
1764824,201554B340415,378351.0,161246.0,-2.312246,51.349875,54,3,2,1,2015-12-17,5,14:20,635,E06000054,4,3108,6,50,0,-1,-1,0,0,0,1,1,2,0,0,2,2,E01032060,20124100K0212,3,2,1,1,47,8,3,0,0,0,0,0,9,1,
1764825,201554B342715,417671.0,188158.0,-1.74631,51.591998,54,3,4,1,2015-12-17,5,21:09,633,E06000030,3,361,6,40,0,-1,-1,0,0,4,4,1,2,0,0,2,1,E01015552,20124100K0212,3,3,2,1,21,5,3,0,0,2,0,0,9,1,
1764826,201554B343215,412131.0,192479.0,-1.826133,51.630995,54,3,2,1,2015-12-17,5,21:38,635,E06000054,3,419,3,70,3,4,5,114,0,0,6,1,2,0,0,2,1,E01031934,20124100K0215,1,1,3,2,8,2,3,1,1,0,0,0,0,1,
1764827,201554B350315,399629.0,128073.0,-2.006669,51.052003,54,3,2,2,2015-12-18,6,07:59,635,E06000054,3,30,6,60,3,4,6,0,0,0,1,1,2,0,7,2,1,E01032031,20124100K0215,1,2,3,1,9,2,3,1,1,0,0,0,0,1,
1764828,201554B372015,391848.0,159720.0,-2.118407,51.336511,54,3,3,1,2015-12-18,6,17:40,635,E06000054,3,361,6,50,8,4,6,0,0,0,6,1,1,0,0,2,1,E01032084,20124100K0215,1,3,1,2,23,5,3,0,0,0,0,0,9,1,
1764829,201554B372415,390652.0,176975.0,-2.136036,51.491642,54,3,2,4,2015-12-18,6,17:15,635,E06000054,5,153,6,50,3,3,5,154,0,0,6,1,2,0,0,2,1,E01031940,20124100K0217,1,1,1,2,33,6,3,0,0,0,0,0,9,1,
1764830,201554B372815,391187.0,163059.0,-2.127979,51.366524,54,3,2,1,2015-12-18,6,17:00,635,E06000054,5,382,1,30,1,4,6,0,0,8,4,1,1,0,0,1,1,E01032069,20124100K0221,2,1,1,2,46,8,3,0,0,0,0,0,9,1,
1765790,2015551501582,409890.0,91625.0,-1.861253,50.724165,55,3,1,1,2015-12-15,3,08:30,640,E06000028,3,35,3,30,3,2,6,0,0,4,1,2,2,0,0,1,1,E01015290,201242I023701,1,1,2,2,19,4,3,0,0,2,0,0,9,1,
1765794,2015551501590,373599.0,113601.0,-2.376971,50.921258,55,3,2,1,2015-12-15,3,17:24,642,E10000009,3,3030,6,60,8,4,6,0,0,0,6,2,2,0,0,2,1,E01020433,201242I024001,1,1,1,1,37,7,3,0,0,0,0,0,9,1,
1765796,2015551501596,400299.0,105704.0,-1.997122,50.850854,55,2,4,4,2015-12-15,3,17:21,647,E10000009,4,3078,6,60,6,4,5,4,0,0,6,5,2,0,0,2,1,E01020398,201242I024201,2,1,1,1,65,9,3,0,0,0,0,0,1,1,
1765798,2015551501602,384090.0,87993.0,-2.226602,50.691365,55,3,2,1,2015-12-17,5,16:11,644,E10000009,5,115,6,60,3,4,6,0,0,0,4,2,2,0,0,2,1,E01020493,201242I024401,3,1,1,1,53,8,3,0,0,0,0,0,1,1,
1765799,2015551501604,368885.0,88602.0,-2.441907,50.696224,55,3,2,1,2015-12-17,5,18:07,645,E10000009,5,126,6,60,0,-1,-1,0,0,0,6,1,2,0,0,2,1,E01020549,201242I024601,1,1,1,2,37,7,2,0,0,0,0,0,9,1,
1765801,2015551501606,357588.0,91311.0,-2.60216,50.719868,55,3,1,1,2015-12-17,5,01:20,645,E10000009,3,35,6,60,0,-1,-1,0,0,0,6,2,2,0,0,2,1,E01020512,201242I024601,4,3,1,1,69,10,2,0,0,0,0,0,9,3,
1765812,2015551501635,409105.0,91411.0,-1.87238,50.722254,55,3,2,1,2015-12-18,6,10:20,640,E06000028,5,320,6,30,0,-1,-1,0,0,0,1,1,1,0,0,1,1,E01015285,201242I025501,1,1,1,1,25,5,3,0,0,0,0,0,9,1,
1765852,2015551600067,347296.0,102433.0,-2.749538,50.81903,55,2,1,2,2015-12-18,6,09:56,645,E10000009,3,3066,6,60,0,-1,-1,0,0,0,1,4,2,0,0,2,1,E01020495,201242I028601,1,1,3,1,10,2,3,5,3,0,0,2,0,1,
1765853,2015551600075,405761.0,96625.0,-1.919672,50.769183,55,3,3,1,2015-12-16,4,16:35,640,E06000028,3,348,3,30,0,-1,-1,0,0,0,1,1,1,0,0,1,1,E01015311,201242I028702,1,1,3,1,35,6,3,1,1,0,0,2,0,1,
1765854,2015551600077,406348.0,93840.0,-1.911395,50.744133,55,3,2,1,2015-12-16,4,16:47,643,E06000029,3,3040,6,30,0,-1,-1,0,0,0,4,2,2,0,0,1,1,E01015383,201242I028801,1,1,3,1,11,3,3,8,3,0,0,2,0,1,
1765855,2015551600081,367529.0,91495.0,-2.46136,50.722165,55,2,2,2,2015-12-16,4,06:26,645,E10000009,3,35,6,60,0,-1,-1,0,0,0,6,1,1,0,0,2,1,E01020509,201242I028902,1,1,3,2,60,9,2,1,9,0,0,2,0,-1,
1765872,2015551600125,405997.0,91825.0,-1.916402,50.726016,55,3,2,1,2015-12-16,4,19:49,643,E06000029,3,35,6,30,3,2,6,0,0,0,4,1,1,0,0,1,1,E01015402,201242I030001,2,1,1,2,35,6,3,0,0,0,0,0,9,3,
1765881,2015551600162,403673.0,100350.0,-1.949245,50.802697,55,3,2,1,2015-12-17,5,13:20,647,E10000009,6,0,6,30,0,-1,-1,0,0,0,1,2,2,0,0,1,1,E01020378,201242I030902,1,1,1,1,27,6,2,0,0,0,0,0,9,1,
1765883,2015551600178,407160.0,95143.0,-1.899862,50.755841,55,3,1,1,2015-12-18,6,17:27,640,E06000028,6,0,6,30,0,-1,-1,0,1,0,1,1,1,0,0,1,2,E01015336,201242I030902,1,3,2,1,27,6,3,0,0,1,0,0,9,1,
1765895,2015551600256,407678.0,96905.0,-1.892482,50.771679,55,3,2,1,2015-12-16,4,17:17,640,E06000028,6,0,6,30,0,-1,-1,0,0,0,4,2,2,0,0,1,1,E01015306,201242I031802,2,1,1,1,17,4,3,0,0,0,0,0,2,2,
1765928,2015551600487,409511.0,95414.0,-1.866526,50.758245,55,3,2,1,2015-12-15,3,20:42,640,E06000028,3,3060,6,40,8,4,6,0,0,0,4,2,2,0,0,1,2,E01015350,201242I034502,2,2,2,1,5,1,3,0,0,1,0,0,9,1,
1767927,201560S190943,294718.0,378632.0,-3.581016,53.294152,60,3,1,1,2015-12-15,3,08:30,721,W06000003,3,548,6,30,0,-1,-1,0,0,4,1,1,1,0,0,1,1,W01001928,201242I193006,1,1,1,1,27,6,3,0,0,0,0,0,9,1,
1767928,201560S190961,248493.0,372410.0,-4.271063,53.227063,60,3,1,1,2015-12-15,3,09:03,720,W06000001,3,55,3,70,0,-1,-1,0,0,0,1,1,1,0,0,2,1,W01000025,201242I193106,2,1,2,1,8,2,3,0,0,1,0,0,9,-1,
1767929,201560S191286,329815.0,366645.0,-3.051928,53.19224,60,3,2,3,2015-12-15,3,19:53,724,W06000005,3,494,3,70,0,-1,-1,0,0,0,4,1,2,0,0,2,1,W01000251,201242I193206,1,1,1,2,29,6,3,0,0,0,0,0,3,3,
1767930,201560S191318,284018.0,379588.0,-3.741821,53.300506,60,3,2,1,2015-12-15,3,21:00,721,W06000003,3,547,6,30,6,2,3,55,0,5,4,5,2,0,0,1,2,W01000155,201242I193306,2,1,2,2,7,2,3,0,0,2,0,0,9,1,
1767931,201560S191531,271681.0,351375.0,-3.915507,53.044198,60,3,1,1,2015-12-16,4,11:01,721,W06000003,3,470,6,60,0,-1,-1,0,0,0,1,2,2,0,0,2,1,W01000121,201242I193306,2,2,2,1,26,6,3,0,0,1,0,0,9,1,
1767932,201560S191590,270493.0,342996.0,-3.929855,52.968634,60,3,1,1,2015-12-16,4,12:30,722,W06000002,6,0,6,60,0,-1,-1,0,0,0,1,2,2,0,0,2,1,W01000113,201242I193506,1,1,1,2,20,4,3,0,0,0,0,0,3,3,
1767933,201560S191641,334042.0,353963.0,-2.986059,53.078801,60,3,2,1,2015-12-16,4,15:10,725,W06000006,3,483,3,70,0,-1,-1,0,0,0,1,1,1,0,0,2,1,W01000370,201242I193606,2,1,1,1,57,9,3,0,0,0,0,0,4,1,
1767934,201560S191645,284811.0,378665.0,-3.729593,53.292386,60,3,2,1,2015-12-16,4,15:00,721,W06000003,6,0,6,30,6,4,6,0,0,0,1,1,2,0,0,1,2,W01000143,201242I193706,2,1,1,1,40,7,3,0,0,0,0,0,1,1,
1767935,201560S191696,335851.0,364435.0,-2.961157,53.173141,60,2,3,1,2015-12-16,4,17:00,724,W06000005,3,5104,6,50,3,4,6,0,0,0,4,1,1,0,0,2,1,W01000255,201242I193806,2,1,1,1,16,4,3,0,0,0,0,0,1,-1,
1767936,201560S191714,338762.0,349465.0,-2.914753,53.038936,60,3,2,2,2015-12-16,4,17:20,725,W06000006,6,0,6,40,3,4,6,0,0,0,4,1,1,0,0,2,1,W01000383,201242I193906,2,1,1,1,26,6,3,0,0,0,0,0,9,1,
1767937,201560S192013,257041.0,364539.0,-4.139588,53.158731,60,3,2,1,2015-12-17,5,08:36,722,W06000002,3,4244,6,50,8,4,6,0,0,0,1,2,2,0,0,2,1,W01000099,201242I194006,1,1,1,2,43,7,3,0,0,0,0,0,9,1,
1767938,201560S192305,326978.0,360138.0,-3.092895,53.133377,60,3,2,2,2015-12-17,5,17:50,724,W06000005,6,0,6,30,0,-1,-1,0,0,0,4,2,2,0,0,2,1,W01000309,201242I194006,2,2,1,2,52,8,3,0,0,0,0,0,9,1,
1767939,201560S192530,335859.0,351766.0,-2.9585,53.059276,60,3,2,1,2015-12-18,6,08:18,725,W06000006,3,534,1,70,1,4,3,5156,0,0,1,1,2,0,0,2,1,W01000416,201242I194106,2,1,1,2,21,5,3,0,0,0,0,0,1,1,
1767940,201560S192543,282683.0,363821.0,-3.756035,53.158552,60,3,1,1,2015-12-18,6,08:48,721,W06000003,3,548,6,60,0,-1,-1,0,0,0,1,2,2,6,0,2,1,W01000137,201242I194206,2,1,1,2,34,6,3,0,0,0,0,0,9,1,
1767941,201560S192610,331419.0,353326.0,-3.025072,53.072745,60,3,1,1,2015-12-18,6,09:30,725,W06000006,6,0,6,30,0,-1,-1,0,0,0,1,1,1,0,0,1,2,W01000379,201242I194307,2,1,1,1,12,3,3,0,0,0,0,0,1,3,
1767942,201560S192691,286834.0,378274.0,-3.699118,53.289309,60,3,2,1,2015-12-18,6,13:45,721,W06000003,3,547,6,30,3,4,6,0,0,0,1,2,2,0,0,1,1,W01000126,201242I194406,2,1,1,1,33,6,3,0,0,0,0,0,5,1,
1767943,201560S192719,250406.0,362038.0,-4.237573,53.134444,60,3,2,1,2015-12-18,6,14:35,722,W06000002,6,0,3,60,9,4,6,0,0,0,1,4,2,0,0,2,1,W01000118,201242I194506,2,1,1,2,17,4,3,0,0,0,0,0,9,1,
1767950,201560S193908,278208.0,382375.0,-3.830026,53.32424,60,3,2,1,2015-12-18,6,19:30,721,W06000003,6,0,6,30,6,4,6,0,0,0,4,1,2,0,0,1,2,W01000169,201242I195006,1,1,2,1,27,6,2,0,0,0,0,0,3,-1,
1768599,2015610064115,328216.0,200429.0,-3.040051,51.697997,61,3,3,1,2015-12-15,3,10:56,734,W06000020,3,472,6,40,1,4,6,0,0,0,1,1,2,0,0,1,1,W01001491,201242I247108,2,1,1,2,25,5,3,0,0,0,0,0,9,1,
1768603,2015610064615,315552.0,205996.0,-3.224597,51.746274,61,3,2,2,2015-12-15,3,12:05,730,W06000019,3,4048,6,30,3,4,6,0,0,0,1,2,2,0,0,2,1,W01001478,201242I247508,2,1,1,2,43,7,3,0,0,0,0,0,9,-1,
1768605,2015610064815,328393.0,187348.0,-3.034809,51.580425,61,3,1,1,2015-12-16,4,19:54,733,W06000022,1,4,3,70,0,-1,-1,0,0,0,1,1,1,0,0,1,1,W01001604,201242I247708,1,1,3,1,48,8,3,5,1,0,0,2,0,2,Newport
1768611,2015610065415,353267.0,191112.0,-2.676371,51.616882,61,3,2,1,2015-12-18,6,06:34,732,W06000021,6,0,6,30,0,-1,-1,0,0,0,5,1,1,0,0,1,1,W01001593,201242I248108,1,1,3,1,-1,-1,3,10,9,0,0,2,0,-1,
1768628,2015610067215,316259.0,188996.0,-3.210279,51.593564,61,3,2,2,2015-12-15,3,08:05,731,W06000018,6,0,6,20,8,4,6,0,0,0,1,9,1,0,0,1,2,W01001344,201242I249308,1,1,1,1,19,4,3,0,0,0,0,0,3,1,
1768633,2015610067715,329112.0,191001.0,-3.025174,51.613356,61,3,1,1,2015-12-15,3,21:40,733,W06000022,6,0,6,30,0,-1,-1,0,0,0,4,2,2,0,0,1,1,W01001622,201242I249908,2,1,1,1,49,8,3,0,0,0,0,0,5,3,Newport
1768654,2015610069915,316905.0,209423.0,-3.205825,51.777282,61,3,1,1,2015-12-15,3,12:38,730,W06000019,3,4,6,30,9,4,6,0,0,4,1,2,2,0,0,1,1,W01001460,201242I251806,2,1,1,2,58,9,3,0,0,0,0,0,9,1,
1768659,2015610070415,321676.0,204284.0,-3.135527,51.731775,61,3,1,1,2015-12-15,3,16:17,730,W06000019,6,0,6,30,3,4,6,0,0,0,4,1,2,0,0,1,1,W01001435,201242I252208,2,1,1,1,47,8,3,0,0,0,0,0,9,1,
1770737,2015621502147,293366.0,190492.0,-3.541102,51.603138,62,3,1,1,2015-12-15,3,21:41,740,W06000013,3,4061,6,30,3,4,6,0,0,0,4,2,2,0,0,2,1,W01001034,201242I421712,1,1,3,2,29,6,3,1,3,0,0,2,0,1,
1770738,2015621502148,274845.0,197032.0,-3.810736,51.658097,62,2,2,4,2015-12-15,3,17:32,743,W06000012,6,0,6,30,3,4,3,474,0,0,4,1,1,0,0,1,1,W01000937,201242I421812,1,1,2,2,29,6,3,0,0,2,0,0,9,1,
1770747,2015621502157,295578.0,180244.0,-3.506128,51.511441,62,3,2,1,2015-12-15,3,17:28,740,W06000013,3,473,1,50,1,4,6,0,0,0,4,1,2,0,0,2,1,W01001005,201242I422911,1,1,1,2,55,8,3,0,0,0,0,0,9,1,
1770749,2015621502159,260382.0,192918.0,-4.018049,51.617721,62,2,1,1,2015-12-16,4,18:11,745,W06000011,3,4118,6,30,0,-1,-1,0,0,0,4,2,2,0,0,1,1,W01001956,201243N001012,1,1,3,2,55,8,3,7,3,0,0,0,0,1,
1770750,2015621502160,320694.0,178040.0,-3.143796,51.495717,62,3,2,1,2015-12-16,4,09:13,741,W06000015,6,0,6,30,0,-1,-1,0,0,0,1,2,2,0,0,1,1,W01001825,201243N001022,2,1,1,1,21,5,3,0,0,0,0,0,4,1,Cardiff
1770752,2015621502162,311322.0,175521.0,-3.278132,51.471679,62,3,2,1,2015-12-15,3,09:33,741,W06000015,3,4232,3,70,0,-1,-1,0,0,0,1,1,2,0,0,2,1,W01001745,201243N001032,2,2,1,1,46,8,3,0,0,0,0,0,9,3,Cardiff
1770757,2015621502167,316917.0,179038.0,-3.198427,51.504145,62,3,2,1,2015-12-15,3,13:50,741,W06000015,3,470,7,30,1,4,3,48,0,0,1,2,2,0,0,1,1,W01001756,201243N002012,4,1,1,2,60,9,3,0,0,0,0,0,9,-1,Cardiff
1770758,2015621502168,292560.0,177873.0,-3.548878,51.489564,62,2,1,1,2015-12-16,4,17:41,740,W06000013,3,48,6,40,0,-1,-1,0,0,0,4,2,2,0,0,2,1,W01001105,201243N002042,2,1,1,1,34,6,3,0,0,0,0,0,9,1,
1770760,2015621502170,318356.0,175641.0,-3.176912,51.473818,62,2,1,1,2015-12-17,5,09:28,741,W06000015,6,0,6,30,0,-1,-1,0,0,5,1,1,2,0,0,1,1,W01001952,201243N002062,2,1,2,2,55,8,3,0,0,1,0,0,9,1,Cardiff
1770762,2015621502172,305742.0,179974.0,-3.359638,51.510803,62,3,1,3,2015-12-17,5,18:31,744,W06000016,1,4,3,70,0,-1,-1,0,0,0,6,1,2,0,0,2,1,W01001113,201243N002112,1,1,3,2,13,3,3,6,9,0,0,0,0,1,
1770766,2015621502176,318786.0,174599.0,-3.170483,51.464512,62,3,1,1,2015-12-18,6,14:59,741,W06000015,3,4119,6,30,3,4,6,0,0,5,1,1,2,0,0,1,2,W01001942,201243N004062,2,1,1,1,54,8,2,0,0,0,0,0,4,2,Cardiff
1770767,2015621502177,283059.0,182577.0,-3.687223,51.529954,62,3,2,1,2015-12-18,6,20:26,740,W06000013,4,4281,6,30,0,-1,-1,0,0,0,4,1,1,0,0,1,1,W01001050,201243N004072,2,1,1,2,55,8,3,0,0,0,0,0,9,3,
1770768,2015621502178,291173.0,179452.0,-3.569334,51.503491,62,3,1,1,2015-12-18,6,17:05,740,W06000013,4,4181,6,30,0,-1,-1,0,0,5,4,1,1,0,0,1,1,W01001035,201243N004082,1,1,1,2,62,9,3,0,0,0,0,0,9,1,
1770769,2015621502179,265731.0,194150.0,-3.941309,51.630094,62,2,2,2,2015-12-18,6,17:34,745,W06000011,4,4603,3,30,6,2,3,483,0,5,4,1,1,0,0,1,1,W01001955,201243N004082,2,2,1,2,22,5,3,0,0,0,0,0,9,2,Swansea
1770770,2015621502180,296025.0,196734.0,-3.504578,51.65974,62,3,1,1,2015-12-16,4,11:28,744,W06000016,3,4058,6,30,9,4,6,0,0,0,1,2,2,0,0,1,1,W01001270,201243N004102,1,1,1,1,33,6,3,0,0,0,0,0,19,1,
1770771,2015621502181,268393.0,198405.0,-3.904474,51.66896,62,3,2,1,2015-12-16,4,16:49,745,W06000011,6,0,1,30,1,4,6,0,0,0,4,2,2,0,0,2,1,W01000794,201243N005052,1,1,3,2,14,3,3,5,1,0,0,0,0,1,
1770772,2015621502182,300456.0,170111.0,-3.433002,51.42124,62,3,2,1,2015-12-17,5,23:54,746,W06000014,6,0,6,30,0,-1,-1,0,0,0,5,1,2,0,0,2,1,W01001122,201243N005062,1,1,1,1,36,7,3,0,0,0,0,0,9,1,
1770773,2015621502183,319926.0,183629.0,-3.156129,51.545851,62,3,3,3,2015-12-16,4,06:33,741,W06000015,1,4,3,70,0,-1,-1,0,0,0,4,2,2,0,0,2,1,W01001777,201243N005122,1,1,3,1,5,1,3,1,2,0,0,0,0,1,Cardiff
1770775,2015621502185,279563.0,186266.0,-3.738861,51.562373,62,3,2,1,2015-12-15,3,07:19,743,W06000012,3,48,1,60,1,4,1,4,0,0,1,1,2,0,0,2,1,W01000933,201243N006042,1,1,1,1,21,5,3,0,0,0,0,0,9,3,
1770776,2015621502186,314303.0,181190.0,-3.236603,51.5231,62,3,1,1,2015-12-16,4,07:55,741,W06000015,3,4054,6,30,3,2,6,0,0,5,4,5,2,0,0,1,1,W01001895,201243N006082,2,1,1,1,30,6,3,0,0,0,0,0,1,1,Cardiff
1770777,2015621502187,317446.0,182104.0,-3.191526,51.531785,62,3,2,1,2015-12-15,3,15:00,741,W06000015,6,0,6,30,0,-1,-1,0,0,0,1,5,2,0,0,1,2,W01001800,201243N007012,1,1,1,1,34,6,3,0,0,0,0,0,9,2,Cardiff
1770779,2015621502189,305571.0,208492.0,-3.369805,51.767114,62,3,2,1,2015-12-18,6,12:45,742,W06000024,6,0,6,30,3,4,6,0,0,0,1,1,1,0,0,1,1,W01001295,201243N008102,2,1,1,2,30,6,3,0,0,0,0,0,9,3,
1770782,2015621502192,314828.0,179268.0,-3.228573,51.505901,62,3,2,1,2015-12-16,4,09:27,741,W06000015,3,4054,6,30,0,-1,-1,0,0,1,1,2,2,0,0,1,1,W01001789,201243N009072,1,1,1,1,17,4,3,0,0,0,0,0,9,3,Cardiff
1770783,2015621502193,315916.0,181224.0,-3.213368,51.523648,62,3,2,1,2015-12-18,6,14:43,741,W06000015,6,0,6,30,3,4,6,0,0,0,1,1,1,0,0,1,1,W01001850,201243N009072,2,2,1,1,24,5,3,0,0,0,0,0,9,2,Cardiff
1770787,2015621502197,316302.0,177299.0,-3.206872,51.488422,62,2,2,1,2015-12-18,6,06:37,741,W06000015,4,4267,6,30,3,4,3,4119,0,0,4,2,2,0,0,1,1,W01001859,201243N010122,1,1,3,1,58,9,2,1,3,0,0,0,0,1,Cardiff
1770793,2015621600001,322245.0,182362.0,-3.122414,51.534786,62,3,2,2,2015-12-18,6,18:33,741,W06000015,4,4562,6,60,0,-1,-1,0,0,0,6,1,2,0,0,2,1,W01001843,201243N013032,2,1,1,1,60,9,3,0,0,0,0,0,9,3,Cardiff
1770794,2015621600002,317874.0,177286.0,-3.184234,51.488536,62,3,2,1,2015-12-15,3,17:43,741,W06000015,6,0,6,30,3,4,6,0,0,0,5,1,2,0,0,1,1,W01001939,201243N013032,2,2,2,1,17,4,3,0,0,1,0,0,9,3,Cardiff
1770797,2015621600005,262957.0,199298.0,-3.983381,51.675684,62,3,1,1,2015-12-17,5,17:01,745,W06000011,1,4,3,70,0,-1,-1,0,0,0,4,1,1,0,0,2,1,W01000793,201243N014102,1,1,1,1,20,4,2,0,0,0,0,0,9,1,
1770813,2015621600022,317527.0,175070.0,-3.188712,51.468564,62,3,1,1,2015-12-17,5,11:09,741,W06000015,6,0,6,30,6,2,3,4160,0,5,1,2,2,0,0,1,1,W01001767,201243N017122,1,1,1,2,36,7,3,0,0,0,0,0,9,1,Cardiff
1770819,2015621600028,265713.0,193794.0,-3.941433,51.626891,62,3,2,1,2015-12-17,5,22:32,745,W06000011,6,0,6,30,9,4,6,0,0,0,4,1,1,0,0,1,1,W01001955,201243N018102,1,1,1,1,44,7,3,0,0,0,0,0,9,1,Swansea
1770837,2015621600052,319376.0,176638.0,-3.162457,51.482927,62,3,2,1,2015-12-16,4,20:12,741,W06000015,6,0,6,30,0,-1,-1,0,0,0,4,1,2,0,0,1,1,W01001696,201243N022082,2,1,1,1,17,4,3,0,0,0,0,0,9,1,Cardiff
1771225,201563AC37115,265300.0,228040.0,-3.960696,51.934519,63,2,2,3,2015-12-15,3,10:13,751,W06000010,4,4302,6,60,0,-1,-1,0,0,0,1,1,2,0,0,2,1,W01000709,201243N088112,2,1,2,1,52,8,3,0,0,2,0,0,9,-1,
1771252,201563AC39815,260720.0,210890.0,-4.020353,51.779293,63,2,3,1,2015-12-16,4,16:25,751,W06000010,3,483,6,30,3,4,6,0,0,0,4,2,2,0,2,1,1,W01000731,201243N092122,2,2,2,2,43,7,3,0,0,1,0,0,9,1,
1771264,201563AC41015,251020.0,200120.0,-4.156245,51.680028,63,3,2,1,2015-12-15,3,15:00,751,W06000010,6,0,6,30,6,3,6,0,0,0,1,2,2,0,0,1,2,W01000733,201243N094112,3,1,2,1,33,6,3,0,0,1,0,0,9,1,
1771265,201563AC41115,250110.0,201040.0,-4.169792,51.688052,63,3,2,1,2015-12-17,5,18:10,751,W06000010,6,0,6,30,3,4,6,0,0,0,4,2,2,0,0,1,1,W01000653,201243N094122,1,1,1,1,27,6,3,0,0,0,0,0,9,1,
1771294,201563AC44015,262940.0,222370.0,-3.992744,51.882996,63,3,1,1,2015-12-18,6,11:30,751,W06000010,3,483,6,30,0,-1,-1,0,0,0,1,1,1,0,0,2,2,W01000677,201243N101112,1,1,1,1,56,9,3,0,0,0,0,0,19,1,
1771298,201563AC44415,266210.0,213080.0,-3.941668,51.800313,63,3,1,1,2015-12-15,3,16:55,751,W06000010,6,0,6,30,0,-1,-1,0,0,0,4,2,2,0,0,2,1,W01000657,201243N102092,1,1,1,1,20,4,3,0,0,0,0,0,1,1,
1771474,201563BC18315,260970.0,280560.0,-4.04517,52.405333,63,3,2,1,2015-12-18,6,12:45,750,W06000008,3,44,6,40,3,4,6,0,0,0,1,2,2,0,0,2,1,W01001936,201243N136082,3,1,1,1,29,6,3,0,0,0,0,0,1,1,
1771732,201563CP26215,190370.0,206010.0,-5.035892,51.713547,63,3,2,1,2015-12-16,4,10:15,752,W06000009,6,0,6,30,7,4,6,0,0,0,1,1,1,0,0,1,1,W01000587,201243N177052,1,1,1,1,34,6,1,0,0,0,0,0,5,1,
1771735,201563CP26515,193490.0,214920.0,-4.99609,51.794705,63,3,2,1,2015-12-17,5,16:45,752,W06000009,4,4327,6,60,6,4,6,0,0,0,6,2,2,0,0,2,1,W01000573,201243N177072,1,1,1,2,25,5,3,0,0,0,0,0,9,1,
1771743,201563CP27315,222260.0,234150.0,-4.589292,51.977311,63,3,2,2,2015-12-15,3,23:30,752,W06000009,6,0,6,60,9,4,6,0,0,0,6,5,2,0,0,2,1,W01000559,201243N178052,2,2,1,2,41,7,3,0,0,0,0,0,9,3,
1771760,201563CP29115,210010.0,205350.0,-4.751606,51.714618,63,2,1,1,2015-12-17,5,16:16,752,W06000009,6,0,6,60,0,-1,-1,0,0,0,6,5,2,0,0,2,2,W01000563,201243N181072,2,1,1,2,59,9,3,0,0,0,0,0,9,1,
1772170,201563DP42115,321620.0,297660.0,-3.157917,52.571092,63,3,2,1,2015-12-16,4,16:37,753,W06000023,4,4385,6,60,0,-1,-1,0,0,0,6,1,2,0,0,2,1,W01000476,201243N245062,1,3,2,2,17,4,3,0,0,2,0,0,9,1,
1772171,201563DP42215,280990.0,283430.0,-3.75206,52.435847,63,3,2,1,2015-12-17,5,15:53,753,W06000023,3,44,6,60,0,-1,-1,0,0,0,6,2,2,0,0,2,1,W01000429,201243N245072,3,1,1,1,46,8,3,0,0,0,0,0,9,1,